SNP_ID	Chr	Start_x	End_x	y_Position_edited_for_Figure
1778-CEL17630_34493_636	Ap01	220482863	220483232	77.478
1535-CEL1344_64498_717	Ap01	220173712	220173312	76.017
0935-CEL4233_225807_438	Ap01	219555484	219555084	67.973
2414-CEL14976_53819_802	Ap01	219544090	219544208	67.577
0940-CEL4272_59663_196	Ap01	219371586	219371388	65.774
0173-CEL7928_70385_1103	Ap01	219093720	219093320	64.237
2276-CEL7107_37944_601	Ap01	218917140	218917540	61.94
4850-CEL9867_22377_186	Ap01	218606447	218606832	60.707
1088-CEL6401_158830_128	Ap01	218670166	218670321	60.607
3862-CEL2049_42196_89	Ap01	218592483	218592195	60.016
5047-CEL13979_97512_234	Ap01	218629841	218629609	58.765
5073-CEL147_78434_4005	Ap01	218576653	218576253	58.368
3193-CEL4964_20890_357	Ap01	218473611	218474011	55.938
4298-CEL36295_9113_140	Ap01	218479843	218479582	55.648
5049-CEL14021_7475_215	Ap01	218331994	218332177	55.616
5540-CEL27069_23722_92	Ap01	218282838	218282547	55.453
4350-CEL3870_23198_302	Ap01	218462895	218463196	54.838
3768-CEL18378_105636_176	Ap01	218411394	218411164	54.539
0201-CEL10144_41415_712	Ap01	218235719	218235319	53.192
0387-CEL14697_17810_428	Ap01	218232202	218231802	52.417
5855-CEL36559_4340_222	Ap01	218052416	218052122	49.117
6382-CEL914_91162_440	Ap01	218045387	218045787	48.145
3001-CEL33285_148623_123	Ap01	217922891	217922577	47.997
3269-CEL6936_23263_1178	Ap01	217979300	217979700	47.449
1153-CEL7669_64017_809	Ap01	217897218	217896998	47.229
3253-CEL6501_22235_249	Ap01	217854109	217854509	47.081
0172-CEL7669_64017_1394	Ap01	217896813	217896538	46.838
2779-CEL20418_96052_84	Ap01	217778690	217778973	45.787
3794-CEL19010_29851_551	Ap01	217164137	217163914	45.248
6114-CEL5300_23564_163	Ap01	217808027	217808379	45.109
3850-CEL20216_30200_199	Ap01	217159552	217159402	45.107
1555-CEL13755_85833_58	Ap01	216735197	216735454	40.683
0036-CEL14971_34864_401	Ap01	216337879	216338176	39.885
5105-CEL15528_32248_251	Ap01	216749330	216749730	39.841
5305-CEL20438_177957_181	Ap01	216682974	216683342	39.055
2600-CEL13310_61562_110	Ap01	215569827	215569651	38.915
0064-CEL17758_44589_640	Ap01	215448318	215448675	38.469
4938-CEL11592_68613_435	Ap01	216428308	216428689	38.37
5512-CEL26425_44054_252	Ap01	214872912	214872530	37.582
5378-CEL2258_105981_2111	Ap01	214736368	214736768	36.979
0119-CEL28284_41923_368	Ap01	214617501	214617753	36.789
2963-CEL31452_36157_154	Ap01	214564405	214564747	36.489
5064-CEL14384_93073_66	Ap01	214699206	214698958	36.357
1528-CEL13314_72822_41	Ap01	214516101	214515861	35.912
3342-CEL940_31718_1066	Ap01	214502619	214502219	35.812
1231-CEL9101_41937_123	Ap01	214315369	214315584	34.705
5748-CEL33243_151100_57	Ap01	214122963	214123199	34.396
5215-CEL18109_6439_572	Ap01	214110644	214111045	34.251
0500-CEL18103_18807_286	Ap01	214085920	214085520	33.817
1053-CEL589_81543_1218	Ap01	213870272	213869895	32.226
1479-CEL12620_57910_879	Ap01	213970875	213970475	32.113
0497-CEL17977_39952_154	Ap01	213892352	213892594	31.823
1310-CEL10447_23863_604	Ap01	213465308	213465093	31.118
3040-CEL3556_39457_1189	Ap01	213664767	213664598	30.94
3254-CEL6562_40909_1197	Ap01	213642195	213642595	30.643
3670-CEL16103_12213_216	Ap01	213598221	213597821	30.04
2776-CEL20265_19362_455	Ap01	213418509	213418216	29.171
3805-CEL19241_30246_395	Ap01	211353240	211353454	28.867
2961-CEL31342_41046_283	Ap01	211300459	211300834	28.564
1658-CEL15435_35746_72	Ap01	211007064	211006895	28.21
4576-CEL5913_40671_313	Ap01	211133312	211133712	28.02
1468-CEL12404_63249_354	Ap01	208374501	208374221	27.568
3019-CEL34424_4022_209	Ap01	210938375	210938035	27.494
1462-CEL12309_33592_779	Ap01	205291452	205291852	27.29
3045-CEL36138_24764_209	Ap01	210343898	210344211	27.195
3348-CEL9601_37802_83	Ap01	210348596	210348314	26.959
2860-CEL24583_61036_231	Ap01	209633649	209634049	26.611
0082-CEL2034_218771_51	Ap01	208752536	208752734	26.301
3360-CEL1838_32076_324	Ap01	208391520	208391131	25.998
6225-CEL6709_20742_1185	Ap01	203670721	203671121	25.361
3114-CEL4153_141900_498	Ap01	203525715	203526023	25.197
5144-CEL16340_30113_646	Ap01	203093035	203093435	24.915
6045-CEL4717_301330_310	Ap01	202988338	202987938	24.666
0682-CEL25210_27701_239	Ap01	204506379	204505979	23.999
2284-CEL7844_65131_907	Ap01	204991285	204991452	23.364
0258-CEL11527_52819_815	Ap01	204073929	204074329	22.783
0301-CEL12481_91906_485	Ap01	203732857	203732459	22.481
3402-CEL10440_327246_241	Ap01	203705868	203705471	22.189
4878-CEL1053_62645_979	Ap01	198142268	198141868	21.907
0169-CEL7330_102891_1228	Ap01	202956590	202956990	21.732
1977-CEL2151_72156_238	Ap01	197643892	197644293	21.614
0015-CEL12286_29918_764	Ap01	202795699	202795299	21.607
5060-CEL14294_103397_171	Ap01	198083307	198083677	21.322
1777-CEL17559_16148_680	Ap01	197406526	197406852	21.03
6247-CEL7053_37985_130	Ap01	197808827	197808498	20.858
1411-CEL11636_29633_1048	Ap01	195815753	195815848	20.734
0609-CEL21929_15262_299	Ap01	202693624	202694024	20.591
1144-CEL7486_42103_1094	Ap01	201818929	201819127	20.048
5304-CEL20424_31735_193	Ap01	192667298	192666906	19.403
3010-CEL33872_5015_157	Ap01	201090321	201090677	18.76
0450-CEL16594_39830_175	Ap01	201347221	201347596	18.658
0235-CEL10963_60989_141	Ap01	200616989	200616649	18.093
1671-CEL15595_49251_68	Ap01	184976438	184976171	18.046
3412-CEL1070_91340_518	Ap01	200173987	200173668	17.822
1679-CEL15699_41023_440	Ap01	180294776	180294487	17.782
3743-CEL17735_23902_448	Ap01	200024934	200025284	17.551
3057-CEL3709_242747_312	Ap01	199802279	199802132	17.409
0203-CEL102_113240_1744	Ap01	192302123	192302494	17.351
3256-CEL6605_62713_994	Ap01	198392550	198392150	17.245
0893-CEL38799_6500_104	Ap01	197144011	197144294	16.993
1322-CEL10632_40371_921	Ap01	166630039	166630366	16.837
3675-CEL16172_61150_512	Ap01	194950151	194950551	16.729
1400-CEL11430_35673_991	Ap01	152651280	152651104	16.581
4934-CEL11541_11908_358	Ap01	118727342	118726942	16.488
4374-CEL40548_3205_115	Ap01	192907069	192907330	16.466
2974-CEL31722_103271_70	Ap01	194660619	194660888	16.465
0648-CEL23761_25711_506	Ap01	194322278	194322560	16.325
5062-CEL14338_93726_409	Ap01	114896307	114896186	16.232
5922-CEL39724_17446_96	Ap01	83028243	83028014	15.96
1048-CEL5772_39146_1113	Ap01	190266248	190265848	15.803
4556-CEL5652_21751_711	Ap01	192281093	192280990	15.627
0860-CEL3596_80795_773	Ap01	189380284	189379915	15.541
5868-CEL37119_4054_77	Ap01	22278723	22278625	15.476
2818-CEL22453_5702_140	Ap01	181223437	181223100	15.28
2948-CEL30261_80931_317	Ap01	168135041	168135351	15.126
0253-CEL11433_41587_754	Ap01	179285352	179284952	15.013
0255-CEL1145_113217_475	Ap01	171332444	171332844	14.744
2914-CEL27860_5884_124	Ap01	151286057	151285734	14.603
1072-CEL6131_35817_1345	Ap01	169082696	169082398	14.474
5099-CEL15372_62179_106	Ap01	13816542	13816838	14.413
6001-CEL44222_1382_175	Ap01	13796725	13796502	14.141
0266-CEL1178_91090_828	Ap01	152915042	152914798	13.945
5202-CEL17810_138226_538	Ap01	13780929	13781329	13.868
0345-CEL135_133982_2529	Ap01	124850211	124850063	13.719
5692-CEL31320_27497_163	Ap01	13425240	13424878	13.597
1475-CEL12534_31415_423	Ap01	13215153	13215553	13.516
0457-CEL16692_74185_643	Ap01	25405520	25405237	13.44
0529-CEL193_93894_1188	Ap01	16594138	16593738	13.194
0806-CEL31430_14497_332	Ap01	15373473	15373325	13.12
0259-CEL11533_28775_876	Ap01	15195688	15196088	12.837
5203-CEL17825_20979_62	Ap01	10440257	10440126	12.635
6402-CEL9449_117384_333	Ap01	10172209	10172340	12.173
3443-CEL11175_79260_938	Ap01	13895256	13895548	12.168
1337-CEL1079_53499_2051	Ap01	10160116	10160438	11.962
4854-CEL9948_57329_135	Ap01	12456047	12456381	11.895
3590-CEL14327_34270_624	Ap01	11198379	11197979	11.051
4674-CEL71_273088_5350	Ap01	11602629	11602229	10.919
0939-CEL4269_47468_142	Ap01	10437990	10437811	10.595
0584-CEL21110_33376_393	Ap01	9903545	9903945	10.21
4083-CEL27794_130901_152	Ap01	9916460	9916612	10.013
1518-CEL13152_125677_891	Ap01	9775141	9774801	9.899
0831-CEL3316_111920_1416	Ap01	9904887	9904490	9.72999999999999
5990-CEL43369_4322_39	Ap01	9465580	9465390	9.61399999999999
3154-CEL4585_59430_125	Ap01	7284461	7284788	8.856
3283-CEL7263_30456_1240	Ap01	9423116	9423402	7.30199999999999
2558-CEL11855_25037_267	Ap01	9406895	9407032	7.009
2588-CEL12923_41749_670	Ap01	7089378	7089207	6.74199999999999
0603-CEL21762_46230_598	Ap01	7532836	7533081	6.69999999999999
2661-CEL15380_9541_588	Ap01	6701518	6701139	5.81699999999999
1782-CEL17712_43066_126	Ap01	6085438	6085175	5.20999999999999
0673-CEL2484_115736_2157	Ap01	5414152	5413866	3.80099999999999
0904-CEL39813_6756_119	Ap01	5092424	5092218	3.63
0551-CEL20001_11148_250	Ap01	4883158	4882759	3.315
0632-CEL22908_24898_184	Ap01	3902493	3902169	2.09599999999999
0639-CEL2323_80017_239	Ap01	2072903	2073303	1.58099999999999
0681-CEL2521_73556_1118	Ap01	1929842	1929698	0.646000000000001
1594-CEL1429_94887_905	Ap01	5616046	5616446	0.234999999999999
5519-CEL26605_27297_152	Ap01	5426122	5426474	0
6338-CEL8462_15742_1011	Ap02	1902518	1902918	000.000
6218-CEL6621_16575_1460	Ap02	1903634	1903315	000.015
4993-CEL1286_239021_166	Ap02	1958930	1958635	000.032
6107-CEL5182_465087_188	Ap02	1975571	1975179	000.260
5461-CEL25271_84557_171	Ap02	2028089	2028459	001.297
4957-CEL1200_52287_315	Ap02	2057094	2056694	001.874
5683-CEL3089_29580_1112	Ap02	2073086	2073486	002.138
4897-CEL10857_14721_196	Ap02	2075433	2075038	002.401
5608-CEL28886_48850_205	Ap02	2120343	2120654	002.665
6411-CEL9647_87961_94	Ap02	2172280	2171987	002.927
5538-CEL27057_89808_208	Ap02	2217876	2217502	003.824
6301-CEL7955_618650_1405	Ap02	2208918	2208692	004.037
5499-CEL26095_77740_63	Ap02	2216186	2216448	004.215
5770-CEL3372_49238_373	Ap02	2225430	2225030	004.513
5208-CEL17959_17897_291	Ap02	2305502	2305902	005.953
5890-CEL3823_325906_54	Ap02	2352525	2352272	006.688
5478-CEL25535_11291_52	Ap02	2357248	2357499	006.967
1410-CEL11632_36694_130	Ap02	3027635	3027432	007.531
6074-CEL4899_36434_419	Ap02	3240947	3240696	008.680
0290-CEL12306_69544_963	Ap02	3314835	3314514	009.865
1525-CEL13283_55124_145	Ap02	3340794	3340450	010.765
4563-CEL5748_92889_393	Ap02	3262303	3261903	010.939
0211-CEL10402_46311_310	Ap02	3359807	3360092	012.959
0389-CEL14814_30008_519	Ap02	3525110	3525244	016.675
0948-CEL43336_7915_126	Ap02	3526592	3526823	017.816
6003-CEL4427_126928_173	Ap02	3760892	3761264	020.421
5791-CEL3440_46121_369	Ap02	3765917	3766317	020.719
1514-CEL13056_21723_412	Ap02	3871723	3871969	020.941
0113-CEL263_203903_2311	Ap02	3949061	3949347	021.531
1983-CEL21701_14373_208	Ap02	3807001	3807374	021.793
3453-CEL11393_201540_1037	Ap02	4031733	4032045	021.871
2715-CEL17532_21639_671	Ap02	4263816	4264150	022.058
4640-CEL6676_221936_1363	Ap02	4029314	4029714	022.275
1760-CEL17161_14330_224	Ap02	3855008	3854608	022.487
5746-CEL33178_17801_228	Ap02	3954942	3954597	023.074
4673-CEL7093_26537_175	Ap02	4443408	4443034	024.553
3594-CEL14395_94783_784	Ap02	4445599	4445977	024.658
0468-CEL17014_83481_827	Ap02	4528939	4528682	025.130
2163-CEL33806_53704_34	Ap02	4504472	4504304	025.287
1126-CEL7297_308918_961	Ap02	4557212	4557612	026.438
4976-CEL12424_13575_989	Ap02	4424071	4424360	027.015
1517-CEL13149_31499_172	Ap02	4430891	4431261	027.180
6185-CEL6118_30090_1409	Ap02	4477246	4477645	028.307
2217-CEL446_165878_2340	Ap02	4825086	4824894	030.242
4780-CEL8689_21656_544	Ap02	4839367	4839622	031.083
3004-CEL33492_20178_121	Ap02	4904095	4903775	031.439
5600-CEL286_165162_1037	Ap02	4880111	4880511	032.553
3125-CEL41999_44804_43	Ap02	4901037	4901203	032.882
4723-CEL797_91045_204	Ap02	5167440	5167256	034.257
5494-CEL25891_42027_75	Ap02	5103150	5102897	034.437
5507-CEL26346_18541_153	Ap02	5235256	5234904	034.941
5766-CEL33632_11951_312	Ap02	5235492	5235251	034.952
0365-CEL14160_50828_615	Ap02	5248682	5248290	035.133
4291-CEL3581_83801_314	Ap02	5588750	5589150	035.400
3422-CEL10887_56623_115	Ap02	5918902	5918588	037.768
3839-CEL20015_100583_464	Ap02	5871487	5871334	037.978
3759-CEL18094_9683_135	Ap02	7379372	7379157	044.477
3860-CEL20411_8662_271	Ap02	7399093	7399270	044.563
1859-CEL19180_72988_641	Ap02	7542801	7543099	046.059
3431-CEL11048_83885_710	Ap02	7634554	7634954	046.798
1761-CEL1717_105286_912	Ap02	7961641	7961843	048.508
3615-CEL14886_34945_330	Ap02	8116132	8115830	048.956
0061-CEL17724_45396_159	Ap02	8373103	8372959	049.503
0989-CEL4721_39697_265	Ap02	8405469	8405074	049.757
3048-CEL36396_7552_106	Ap02	8463749	8463445	050.322
3518-CEL12668_107458_635	Ap02	8479028	8479369	050.341
3571-CEL13951_96704_343	Ap02	8461850	8461704	050.636
0378-CEL14506_33977_427	Ap02	8269557	8269157	052.669
1721-CEL16631_23005_383	Ap02	7937576	7937257	056.071
5888-CEL38201_24036_93	Ap02	8100627	8100918	056.123
1891-CEL19809_19843_155	Ap02	8407245	8407599	057.518
1449-CEL12094_38957_308	Ap02	10380000	10379600	059.147
1801-CEL1795_63235_703	Ap02	10388611	10389011	059.244
1884-CEL19732_47281_556	Ap02	10423931	10424294	059.529
2157-CEL3275_55358_1915	Ap02	12415421	12415052	059.573
4425-CEL43988_32690_184	Ap02	12410166	12410336	059.574
3480-CEL1184_196039_381	Ap02	13634532	13634932	059.847
3998-CEL25003_4908_332	Ap02	13821942	13821570	060.076
4519-CEL5086_73540_805	Ap02	14168417	14168265	060.739
1391-CEL11387_43172_171	Ap02	10992216	10992455	060.814
1350-CEL10931_49755_309	Ap02	11350204	11350074	061.127
1614-CEL14661_84881_839	Ap02	15677949	15677643	061.980
1213-CEL870_156463_647	Ap02	20411622	20411825	063.934
0219-CEL10661_117656_687	Ap02	18626144	18626046	064.137
2257-CEL6003_48568_1257	Ap02	22309568	22309966	064.559
1318-CEL10568_24559_904	Ap02	15536713	15536850	065.283
0678-CEL2504_48085_714	Ap02	27746091	27746491	065.701
0264-CEL1175_188866_1732	Ap02	51333529	51333929	067.491
4607-CEL6269_14290_561	Ap02	56043748	56044148	067.753
0744-CEL28540_8762_194	Ap02	57513778	57514171	067.865
0309-CEL12616_10892_533	Ap02	37838221	37838411	068.040
0614-CEL22317_21758_285	Ap02	71751631	71751350	068.635
0535-CEL1942_75461_1697	Ap02	73974613	73974348	068.719
1321-CEL10622_33777_730	Ap02	37173534	37173134	068.741
0516-CEL18646_24687_269	Ap02	75809399	75809556	068.771
1284-CEL1017_96998_213	Ap02	39509272	39509672	069.194
4164-CEL30389_8002_115	Ap02	129646478	129646164	069.233
1825-CEL18493_28033_390	Ap02	43287437	43287837	069.494
2106-CEL2445_108379_796	Ap02	47887664	47888064	069.790
0943-CEL4299_99220_154	Ap02	239392122	239392475	069.877
2296-CEL8495_89801_445	Ap02	244928258	244927919	070.004
0270-CEL1188_93853_1329	Ap02	100311372	100311751	070.032
0884-CEL3814_101938_224	Ap02	244853841	244853527	070.150
0794-CEL30852_56025_382	Ap02	245386553	245386786	070.368
0146-CEL5071_209551_1180	Ap02	255701634	255701250	070.548
1872-CEL1941_151562_86	Ap02	90059887	90060127	070.653
0347-CEL13553_283773_899	Ap02	265546448	265546716	070.790
0232-CEL10888_53239_258	Ap02	275034876	275035172	071.046
1622-CEL148_183825_3912	Ap02	245533669	245534069	071.060
0972-CEL4566_74030_827	Ap02	275898465	275898616	071.345
4326-CEL37627_22947_146	Ap02	315083205	315082906	071.361
0756-CEL29025_9976_388	Ap02	297618079	297618179	071.598
1696-CEL16135_15416_781	Ap02	263075756	263075465	071.638
0132-CEL36979_11461_176	Ap02	315833170	315832918	071.666
1456-CEL12218_59628_160	Ap02	313202844	313202485	071.892
1204-CEL8447_32697_137	Ap02	318135936	318135802	071.997
0373-CEL14411_24126_722	Ap02	318406948	318407348	072.180
0241-CEL11233_126882_1121	Ap02	318474563	318474327	072.368
5373-CEL22430_7684_92	Ap02	322328339	322328630	072.537
0422-CEL15813_59284_410	Ap02	324590372	324590076	076.561
1748-CEL16949_29565_591	Ap02	324764623	324765023	077.370
5549-CEL27354_7924_351	Ap02	324984654	324984314	077.652
5045-CEL13897_255936_795	Ap02	325961717	325962109	079.172
0577-CEL20708_22916_323	Ap02	324136183	324135783	080.061
2691-CEL16399_161957_166	Ap02	324169786	324169602	080.123
0521-CEL18993_21925_531	Ap02	324537004	324537404	081.183
3041-CEL35674_22632_67	Ap02	324359786	324359520	082.843
0159-CEL6444_57518_1173	Ap02	324439832	324439589	083.372
4220-CEL33044_8571_109	Ap02	324763658	324763966	084.757
3150-CEL45414_6083_136	Ap02	324984372	324984086	085.118
1385-CEL11286_13117_515	Ap02	325724940	325724733	086.291
2299-CEL9030_69901_170	Ap02	325830531	325830162	086.582
2187-CEL38017_102143_148	Ap02	326082694	326082987	087.159
1240-CEL9367_100965_177	Ap02	326119740	326119912	087.404
5158-CEL1670_27451_2502	Ap02	328413602	328413914	087.828
0385-CEL14630_87890_755	Ap02	326298858	326298488	088.760
3539-CEL13288_35629_165	Ap02	326485709	326486073	089.316
4747-CEL8308_11606_915	Ap02	326492814	326493214	089.601
1434-CEL11907_60555_816	Ap02	326644623	326644353	089.893
0394-CEL1494_135030_133	Ap02	326876468	326876800	090.271
0503-CEL18176_33081_381	Ap02	327002306	327002454	091.058
2260-CEL6260_105712_1260	Ap02	326972552	326972899	091.181
6105-CEL5175_167896_649	Ap02	328447468	328447177	091.503
2253-CEL5919_52112_361	Ap02	327498589	327498189	092.174
2248-CEL5646_148380_151	Ap02	328720777	328721127	098.348
0565-CEL20270_132600_153	Ap02	328754356	328754695	099.264
1596-CEL14320_61395_622	Ap02	328949056	328949456	099.865
1308-CEL1044_79072_165	Ap02	329212287	329212631	102.019
1145-CEL7570_46641_918	Ap02	329104773	329104373	102.151
0067-CEL18193_39215_153	Ap02	329226945	329226593	103.077
1608-CEL1458_219662_345	Ap02	329298622	329298222	104.794
2561-CEL11894_16847_976	Ap02	329779590	329779300	110.067
2933-CEL29275_56875_167	Ap02	330109444	330109309	111.095
0825-CEL32790_18346_250	Ap02	330140664	330140465	111.744
3879-CEL20975_46461_206	Ap02	330303988	330303636	113.326
1901-CEL20014_21373_390	Ap02	330312056	330311814	113.779
3825-CEL19638_100515_118	Ap02	330337079	330336762	114.588
4054-CEL26875_227467_437	Ap02	330362433	330362188	115.098
2562-CEL11911_68573_96	Ap02	330376764	330376469	115.356
3472-CEL11631_274203_77	Ap02	330383496	330383656	115.768
4565-CEL577_76491_1051	Ap02	330426932	330426532	116.058
5625-CEL29358_32794_272	Ap02	330625023	330624747	118.032
1568-CEL1390_114805_1234	Ap02	330654018	330654320	118.036
1587-CEL14184_35908_714	Ap02	330525978	330525578	118.363
3936-CEL2298_547291_82	Ap02	330604941	330605215	122.008
3067-CEL37613_25281_68	Ap02	333336759	333336489	122.156
2553-CEL11750_29341_483	Ap02	333353046	333353446	122.367
3994-CEL24833_59536_87	Ap02	333129837	333129551	122.697
0207-CEL10299_39051_379	Ap02	333582055	333582382	122.813
4701-CEL7452_159880_87	Ap02	336227383	336227133	123.075
3388-CEL1021_108404_2694	Ap02	336285855	336286255	123.676
4865-CEL10161_66150_114	Ap02	333571375	333571545	123.789
0662-CEL2434_108255_756	Ap02	336434080	336434354	125.699
3429-CEL11000_18167_529	Ap02	336446364	336446694	126.064
4193-CEL31885_37002_72	Ap02	336545613	336545504	126.343
0341-CEL13444_30696_457	Ap02	336672047	336672447	129.476
4702-CEL7479_101300_588	Ap03	319584234	319584365	120.98
4795-CEL8906_27803_443	Ap03	319485982	319485645	120.631
3373-CEL10017_61591_147	Ap03	319570954	319570614	120.52
1279-CEL10140_36433_771	Ap03	317237577	317237315	119.484
5481-CEL25571_7105_121	Ap03	317224911	317224591	118.972
5641-CEL297_607971_395	Ap03	317217651	317217745	118.953
6299-CEL7926_144718_816	Ap03	317227111	317227302	118.824
0659-CEL24277_35055_356	Ap03	315859218	315859618	113.723
1247-CEL944_109465_2849	Ap03	315745854	315746241	113.321
3381-CEL10130_104396_540	Ap03	315691850	315692250	111.414
2207-CEL427_70852_1635	Ap03	315577276	315577676	109.215
4530-CEL5220_90755_1499	Ap03	313046451	313046666	107.512
1888-CEL19798_32066_121	Ap03	313139231	313139551	107.46
5089-CEL15102_98926_128	Ap03	315686801	315686547	107.246
4096-CEL28155_50759_88	Ap03	313038392	313038482	107.229
4734-CEL8077_208997_345	Ap03	312905357	312905757	106.884
0920-CEL41060_5300_103	Ap03	312593738	312593483	99.737
2164-CEL34717_12662_126	Ap03	312545373	312545050	96.84
0970-CEL4537_128592_1028	Ap03	312353345	312353207	95.87
4217-CEL3292_186091_210	Ap03	312116540	312116149	92.323
4895-CEL10819_53839_837	Ap03	312073555	312073390	90.832
4893-CEL10788_68023_438	Ap03	312068309	312068709	90.775
4032-CEL26168_55881_320	Ap03	311719267	311719533	90.732
6400-CEL9431_39503_1050	Ap03	312024784	312025184	90.626
5564-CEL27654_37014_501	Ap03	312022268	312022032	89.929
0655-CEL2417_124213_2191	Ap03	311434299	311433980	89.73
5456-CEL252_62948_2363	Ap03	311983666	311984025	89.061
5177-CEL17334_11012_164	Ap03	311859952	311859589	88.675
5258-CEL19222_49050_272	Ap03	311826684	311826429	88.485
1252-CEL9500_26635_881	Ap03	311221329	311221729	88.215
0600-CEL2168_67338_1426	Ap03	311383428	311383686	87.36
1945-CEL2073_48368_425	Ap03	310774558	310774158	83.317
2629-CEL14228_6599_521	Ap03	310735165	310734844	82.617
2951-CEL30391_104105_237	Ap03	310567467	310567081	81.745
1361-CEL11005_52656_134	Ap03	310066514	310066847	76.392
0210-CEL10391_37918_931	Ap03	309991082	309990682	75.331
0819-CEL32302_52558_315	Ap03	309922711	309922462	75.196
1008-CEL5042_117968_402	Ap03	309853985	309853705	74.456
3906-CEL22048_19080_368	Ap03	300527271	300527494	73.017
1173-CEL7959_39425_370	Ap03	302495681	302495452	72.276
3755-CEL17996_19808_172	Ap03	299168721	299168990	72.232
2196-CEL41104_23849_66	Ap03	301369712	301369966	71.976
4312-CEL3700_558518_144	Ap03	299140619	299140366	71.896
0585-CEL21129_20038_546	Ap03	301046231	301046380	70.907
2593-CEL13106_97425_139	Ap03	298529236	298529116	70.036
0054-CEL17095_36312_642	Ap03	298117435	298117051	69.85
4796-CEL8964_51819_119	Ap03	233385589	233385419	69.606
1702-CEL16226_11895_484	Ap03	297930230	297930630	69.52
0615-CEL22409_10923_231	Ap03	295947859	295947459	69.201
1432-CEL11895_16631_242	Ap03	297089156	297088756	69.137
0492-CEL17851_31742_339	Ap03	294423080	294423480	68.943
0089-CEL2141_221024_2346	Ap03	293752509	293752246	68.721
1374-CEL11167_27067_210	Ap03	300674228	300674318	68.298
0139-CEL4149_42533_1613	Ap03	237907126	237906726	67.412
0059-CEL1754_90713_1618	Ap03	224783648	224783248	67.124
1263-CEL9813_89803_983	Ap03	211135186	211135465	66.877
1207-CEL8528_497162_226	Ap03	88971706	88972106	65.586
1356-CEL10973_117721_1139	Ap03	152204304	152204067	64.958
1429-CEL1183_210360_335	Ap03	113330724	113330324	64.752
1437-CEL11932_23811_350	Ap03	106521565	106521965	64.501
1333-CEL10759_70071_1156	Ap03	95793389	95793154	64.226
1426-CEL11814_41685_230	Ap03	58748603	58748466	64.007
3167-CEL4725_421144_1092	Ap03	77148215	77148615	63.941
0177-CEL8597_59114_923	Ap03	43171718	43171892	63.744
1044-CEL5724_41637_1227	Ap03	57728241	57728132	63.61
1878-CEL19508_37528_454	Ap03	25876972	25877372	63.551
0581-CEL21044_14033_146	Ap03	35733758	35733463	63.398
1291-CEL10224_50044_549	Ap03	34467606	34467206	63.207
0002-CEL1025_86810_1912	Ap03	26429704	26429954	62.707
1917-CEL20142_11884_334	Ap03	20122964	20123364	62.374
1831-CEL18603_32250_528	Ap03	20370797	20370397	61.677
0693-CEL25875_28791_199	Ap03	22979215	22978817	61.037
1182-CEL8068_33548_1309	Ap03	21117503	21117815	60.774
1969-CEL21301_11815_503	Ap03	16307148	16307509	60.584
1719-CEL16566_66000_167	Ap03	20308497	20308863	59.861
0517-CEL1865_56579_2170	Ap03	19184856	19184456	59.05
0483-CEL17617_11913_567	Ap03	17736001	17736401	58.525
1097-CEL66_162401_2192	Ap03	17413424	17413824	58.372
0110-CEL2476_59474_1081	Ap03	16308331	16308731	58.135
2403-CEL1456_112593_2130	Ap03	16549410	16549141	58.009
0531-CEL19336_49730_768	Ap03	15859293	15859449	57.077
0472-CEL17162_49365_708	Ap03	14310760	14310373	56.979
0416-CEL1569_179983_656	Ap03	13906254	13906531	56.879
0055-CEL1723_114855_1709	Ap03	13788977	13789312	56.618
0285-CEL12141_80426_772	Ap03	12601177	12601046	56.034
0367-CEL1425_150791_141	Ap03	12346847	12346507	55.756
0009-CEL11411_66789_553	Ap03	12188757	12188994	55.504
0936-CEL42396_7201_149	Ap03	11878954	11878724	55.227
0016-CEL12385_71685_491	Ap03	11695052	11695452	54.952
0227-CEL10813_80159_180	Ap03	11388734	11389014	54.356
0578-CEL20935_39335_576	Ap03	11220754	11220455	53.996
0149-CEL592_165154_1841	Ap03	10880365	10879965	53.739
0286-CEL12148_39122_183	Ap03	10518249	10518425	53.495
1815-CEL18251_59411_44	Ap03	10662015	10662233	53.071
0602-CEL21760_28430_398	Ap03	10369760	10369360	52.941
0218-CEL10655_60488_193	Ap03	10331199	10330807	52.214
2751-CEL19068_6589_353	Ap03	10155949	10156349	51.332
1390-CEL11360_93286_1049	Ap03	10188683	10188983	51.275
4728-CEL8018_29160_998	Ap03	10069905	10070305	50.638
1829-CEL18559_37319_119	Ap03	9412969	9413287	50.589
0715-CEL27282_15765_371	Ap03	9862565	9862243	50.154
0376-CEL14485_17508_661	Ap03	9763963	9764363	49.996
1227-CEL8986_64140_362	Ap03	9372995	9372761	49.516
5296-CEL20186_15766_163	Ap03	5596473	5596671	49.173
5460-CEL25268_35292_97	Ap03	5554233	5554529	48.979
5075-CEL14767_173957_954	Ap03	5539360	5539122	48.645
1142-CEL747_60338_1308	Ap03	6867484	6867884	48.312
5860-CEL3661_41544_1126	Ap03	5525270	5525670	48.08
0533-CEL19403_25947_147	Ap03	6862225	6862046	48.015
3116-CEL41596_40604_48	Ap03	6811707	6811459	47.467
2916-CEL2791_133754_462	Ap03	5661245	5661645	46.921
5502-CEL2625_66954_267	Ap03	5472001	5471695	46.151
6210-CEL6516_31491_596	Ap03	5417658	5417888	45.857
1504-CEL12917_71847_694	Ap03	5220929	5221329	41.745
1190-CEL8213_36404_118	Ap03	4559435	4559118	34.915
0606-CEL21808_12570_165	Ap03	4549278	4549641	34.548
3896-CEL21779_15092_211	Ap03	4548301	4548032	33.938
4088-CEL27966_92654_60	Ap03	4472484	4472225	32.737
4481-CEL47987_27308_97	Ap03	4458960	4458773	31.779
3689-CEL16459_73305_431	Ap03	4432139	4431738	31.127
3509-CEL1251_60086_153	Ap03	4412816	4412464	30.477
4665-CEL6979_29009_162	Ap03	4356629	4356267	28.288
3895-CEL21728_39505_195	Ap03	4271930	4271573	27.975
4215-CEL329_107542_261	Ap03	4180047	4180447	26.578
3799-CEL19143_41114_141	Ap03	4166569	4166229	26.284
3719-CEL17145_23432_233	Ap03	4145602	4146005	26.062
3051-CEL36555_16588_97	Ap03	2498219	2497923	19.989
4389-CEL4154_68915_473	Ap03	2373462	2373862	18.665
1141-CEL7451_43610_377	Ap03	2363129	2363354	18.097
1155-CEL7679_37280_376	Ap03	2301796	2302149	17.827
3530-CEL1310_87477_257	Ap03	2290084	2290484	17.578
1402-CEL11463_41525_466	Ap03	2239390	2239790	14.517
0986-CEL4709_39781_362	Ap03	2100994	2100621	13.659
1022-CEL5334_75303_1137	Ap03	2045932	2045652	12.898
1166-CEL7826_98697_110	Ap03	1900427	1900167	10.917
5571-CEL2785_41947_1133	Ap03	1752205	1752517	4.986
0171-CEL7414_91202_194	Ap03	1140497	1140104	0
5713-CEL3215_174854_1447	Ap04	2719779	2720180	000.000
1226-CEL8959_44180_1076	Ap04	2704131	2703788	002.236
3505-CEL12394_102745_86	Ap04	2946337	2946052	003.856
2176-CEL3616_95860_1916	Ap04	2837976	2837677	003.909
1131-CEL7324_42128_278	Ap04	2993612	2994012	004.203
1301-CEL1035_113670_1357	Ap04	3716238	3716514	004.353
1775-CEL17541_26223_398	Ap04	3365671	3366064	005.355
1570-CEL13908_85998_188	Ap04	4068703	4069086	006.284
3942-CEL2321_234206_425	Ap04	4079078	4079478	007.396
2536-CEL11157_96677_429	Ap04	4335235	4335534	009.078
1277-CEL10125_24839_223	Ap04	4546279	4545879	009.623
2774-CEL20206_62219_97	Ap04	4386128	4386424	009.640
0399-CEL1514_169425_633	Ap04	4402748	4403148	009.947
2837-CEL23514_69682_185	Ap04	4563204	4563587	010.172
3454-CEL114_503201_217	Ap04	4586216	4586616	010.316
1804-CEL18004_26662_683	Ap04	4779338	4779641	010.543
0070-CEL18490_26837_389	Ap04	4616301	4616701	010.662
3909-CEL22189_23459_181	Ap04	4616929	4617288	010.752
0445-CEL1648_108476_220	Ap04	5428187	5428507	011.564
0047-CEL1648_108476_1678	Ap04	5431067	5431245	012.283
4779-CEL8681_308140_27	Ap04	5511173	5511399	012.423
1785-CEL17730_90070_49	Ap04	5864156	5863908	015.045
0537-CEL19435_23376_239	Ap04	5660489	5660147	015.072
0557-CEL20148_14967_497	Ap04	5841120	5841349	015.988
3400-CEL10400_106170_375	Ap04	5930115	5929895	016.124
1107-CEL689_146204_106	Ap04	6001976	6002281	016.413
3654-CEL15770_13245_289	Ap04	6430534	6430134	017.279
3934-CEL2283_651970_295	Ap04	6575695	6576081	017.570
2297-CEL8659_42314_1038	Ap04	7125654	7125920	018.860
4380-CEL40869_23084_246	Ap04	7281303	7281140	019.151
5546-CEL27195_3579_293	Ap04	6426709	6427109	019.448
5497-CEL26022_52559_65	Ap04	6435602	6435804	019.462
1691-CEL16001_43254_581	Ap04	6485373	6485776	019.691
2931-CEL29090_139610_371	Ap04	7656175	7655763	019.740
6234-CEL6804_42123_155	Ap04	6486604	6486962	020.007
3501-CEL12243_82511_644	Ap04	7661090	7660963	020.098
2136-CEL29359_16248_437	Ap04	7707025	7707285	021.522
4862-CEL10074_24733_258	Ap04	7297935	7297534	022.070
5408-CEL23687_5919_135	Ap04	7308125	7308459	022.809
5566-CEL2767_39756_604	Ap04	7493105	7492815	023.016
6073-CEL48872_1492_105	Ap04	7561751	7561563	023.639
3252-CEL6464_41220_1022	Ap04	8075295	8075695	024.267
2883-CEL25991_29618_352	Ap04	8137661	8137445	025.419
4008-CEL25490_160211_122	Ap04	9858766	9859093	025.797
0038-CEL15401_55995_693	Ap04	9840431	9840031	026.531
1237-CEL922_86617_2228	Ap04	10457534	10457696	027.001
0761-CEL2932_141830_2063	Ap04	10470820	10470513	027.283
0748-CEL2863_62598_446	Ap04	10487610	10487300	028.825
1461-CEL12274_25500_829	Ap04	10199547	10199322	029.817
1988-CEL21854_49645_498	Ap04	11424701	11424353	031.452
2154-CEL3167_195104_1841	Ap04	11560749	11561149	033.619
1823-CEL18454_35960_439	Ap04	11385347	11385636	034.595
1968-CEL21276_33442_424	Ap04	13032377	13032646	038.437
2064-CEL2346_81937_969	Ap04	13524310	13524710	039.196
0312-CEL12689_100016_730	Ap04	13735309	13734909	040.151
0154-CEL5941_52433_1105	Ap04	13885666	13886066	040.683
0487-CEL17710_14830_334	Ap04	13901971	13902371	041.011
0410-CEL15432_24131_296	Ap04	14222702	14222313	042.235
1074-CEL6199_241625_255	Ap04	14442022	14442266	043.367
0217-CEL1062_79274_1748	Ap04	14467432	14467779	043.686
1167-CEL7837_53353_947	Ap04	14472580	14472422	044.102
0568-CEL20325_45600_118	Ap04	14715776	14716079	046.558
0145-CEL4990_60740_297	Ap04	14747564	14747164	046.628
0764-CEL2943_60497_264	Ap04	14798378	14797978	048.077
1009-CEL5047_45189_433	Ap04	15252786	15252386	048.899
2077-CEL23875_23256_291	Ap04	15045733	15046028	049.518
0816-CEL32098_32785_128	Ap04	15640789	15640981	049.926
1513-CEL1305_106903_864	Ap04	15916175	15916575	050.644
0828-CEL3293_103878_1754	Ap04	16140144	16139744	051.498
2105-CEL24443_18989_382	Ap04	16175288	16175673	051.669
1741-CEL16876_25607_580	Ap04	16186438	16186787	051.853
1358-CEL1099_149469_1690	Ap04	16222135	16222463	052.440
1458-CEL12232_13076_163	Ap04	16640133	16639796	052.733
1836-CEL1868_68423_382	Ap04	16774531	16774303	053.296
0043-CEL16123_41997_481	Ap04	17818017	17818417	054.050
0418-CEL1576_242615_1070	Ap04	99033790	99033390	055.883
2150-CEL31277_17488_151	Ap04	18404293	18403943	055.981
0548-CEL19840_52045_142	Ap04	18536676	18536840	056.141
0523-CEL19065_30465_675	Ap04	22222004	22222270	056.385
4898-CEL10893_12104_1107	Ap04	106125954	106126229	056.586
0112-CEL25578_22983_59	Ap04	71100317	71100492	057.232
1020-CEL5243_60647_1343	Ap04	24783248	24783027	057.574
0427-CEL16029_39085_754	Ap04	117460282	117460526	058.321
0209-CEL10381_104283_404	Ap04	111211827	111212227	058.581
1701-CEL16224_24349_792	Ap04	135467584	135467407	058.643
0148-CEL538_108505_2793	Ap04	133276843	133277243	059.049
2138-CEL29686_55332_65	Ap04	126465276	126465029	059.315
1489-CEL12755_34161_676	Ap04	269842073	269842473	059.414
0103-CEL23198_39746_228	Ap04	137860537	137860866	059.588
0564-CEL20253_17457_275	Ap04	237446252	237446652	060.173
0574-CEL2057_49702_405	Ap04	243749144	243749544	060.339
0011-CEL1186_140718_2679	Ap04	289609642	289609242	060.636
0050-CEL16816_109070_120	Ap04	256983293	256983612	060.752
1246-CEL9437_59373_639	Ap04	296862329	296862139	061.459
0677-CEL2498_40625_376	Ap04	295919620	295919220	061.944
5005-CEL13101_91327_283	Ap04	314626924	314627324	062.128
5313-CEL20699_41333_572	Ap04	315589400	315589690	062.334
5239-CEL18774_44457_204	Ap04	317437564	317437792	062.630
0879-CEL3762_39085_1395	Ap04	309685622	309685910	062.857
0168-CEL719_256808_43	Ap04	317901792	317902034	063.444
0959-CEL4411_57790_223	Ap04	323804896	323805296	064.545
0277-CEL11971_37449_965	Ap04	325479457	325479116	064.797
0833-CEL33180_7171_181	Ap04	326128681	326129052	065.093
4694-CEL737_220602_751	Ap04	326311711	326312111	065.388
0710-CEL26851_11067_232	Ap04	329915793	329916193	067.275
1693-CEL16046_84493_72	Ap04	328518211	328518393	067.459
1021-CEL5266_63637_880	Ap04	328736628	328736393	067.572
0342-CEL13484_35168_192	Ap04	330440502	330440111	067.805
1122-CEL712_249395_3200	Ap04	330516153	330516448	068.281
0182-CEL891_113193_2825	Ap04	331223891	331223635	070.668
0582-CEL211_106987_525	Ap04	331660829	331660429	071.015
0287-CEL12198_31385_165	Ap04	332099633	332099997	071.251
0891-CEL3862_33294_1846	Ap04	332487997	332487674	072.517
0887-CEL3826_365821_164	Ap04	331788058	331787695	074.028
0832-CEL33169_54160_253	Ap04	334914219	334914538	074.718
3554-CEL136_302192_1349	Ap04	335144967	335144762	074.970
1382-CEL11275_15892_1035	Ap04	335342739	335343060	075.580
1302-CEL10362_46449_856	Ap04	334917925	334917716	077.504
1572-CEL13936_49843_227	Ap04	335013150	335013402	078.102
0304-CEL1256_160325_843	Ap04	340340994	340341394	083.756
1814-CEL18237_13399_236	Ap04	339997630	339997406	084.197
1480-CEL12623_66303_257	Ap04	340384586	340384989	084.659
5854-CEL36531_20577_51	Ap04	339348760	339349010	085.417
0988-CEL4715_43509_994	Ap04	340415857	340416217	085.565
2477-CEL1926_69648_1407	Ap04	345444996	345445338	091.524
1866-CEL1926_69648_477	Ap04	345439929	345440236	092.080
1469-CEL1241_136186_425	Ap04	345589601	345589863	093.943
0086-CEL20484_29146_599	Ap04	345598764	345598608	094.298
2280-CEL7254_36997_657	Ap04	345734594	345734994	095.156
0953-CEL43824_5889_118	Ap04	345744704	345744496	095.812
2251-CEL5857_87955_1474	Ap04	345768864	345768516	096.002
1963-CEL21193_19195_127	Ap04	346087650	346087324	099.727
2242-CEL5097_86136_897	Ap04	346397046	346397408	100.710
1280-CEL10152_57201_384	Ap04	346507369	346507033	104.176
6170-CEL5899_20492_1510	Ap04	335719604	335719305	105.431
6056-CEL48_198333_837	Ap04	347103121	347102951	114.745
6287-CEL7780_73217_1357	Ap04	347157484	347157268	115.100
6193-CEL6235_117356_199	Ap04	347689477	347689087	115.192
1341-CEL10844_70754_446	Ap04	347695108	347694804	115.448
5535-CEL27_453605_1542	Ap04	347796183	347795783	116.929
0583-CEL21105_157420_383	Ap04	347775733	347776129	116.951
2934-CEL2931_111674_526	Ap04	347719276	347718876	119.630
4586-CEL6038_270948_148	Ap04	347709092	347709439	120.362
1918-CEL20189_31838_422	Ap05	2093290	2092890	000.000
0111-CEL24797_71006_422	Ap05	2054206	2054541	001.343
3297-CEL7866_28008_147	Ap05	2032106	2032325	002.075
4580-CEL5946_27404_412	Ap05	2247988	2247588	002.690
2516-CEL10457_83587_711	Ap05	2293029	2293256	003.103
3292-CEL7731_109366_334	Ap05	2341505	2341349	003.628
0051-CEL16919_52115_297	Ap05	2362379	2362607	004.164
1064-CEL6013_51116_427	Ap05	2382013	2382413	004.433
1191-CEL8219_151798_1234	Ap05	2413173	2412804	004.963
5454-CEL25178_8798_182	Ap05	2497195	2497576	005.609
3050-CEL36496_2963_107	Ap05	2463645	2463339	006.054
4366-CEL3993_113388_807	Ap05	2546728	2546541	006.883
3811-CEL19298_5954_382	Ap05	2578342	2578742	007.194
3918-CEL22522_48377_45	Ap05	2581104	2580860	007.436
0562-CEL20232_35370_130	Ap05	2598464	2598318	007.775
1080-CEL6308_60998_319	Ap05	2674988	2674626	009.086
2017-CEL22425_15835_426	Ap05	2677548	2677203	009.285
2759-CEL19492_10305_463	Ap05	2704356	2703956	009.375
2123-CEL26432_15311_281	Ap05	2822670	2823005	011.565
3451-CEL11339_85786_579	Ap05	2848050	2847808	012.193
0507-CEL18316_96476_618	Ap05	2968250	2968606	012.416
4300-CEL3649_112656_1508	Ap05	3618073	3618315	012.847
5496-CEL25989_61747_201	Ap05	3833002	3833402	015.859
5204-CEL17848_201885_106	Ap05	3834486	3834739	015.917
5865-CEL36997_7678_93	Ap05	3849503	3849795	016.483
1181-CEL8063_71620_570	Ap05	3895967	3895741	016.547
5811-CEL3519_45431_1534	Ap05	3877498	3877898	017.053
6326-CEL8200_19823_370	Ap05	3899697	3900097	017.339
2128-CEL27640_16893_179	Ap05	3925010	3925388	017.354
0488-CEL17737_21464_293	Ap05	4133826	4133717	021.166
3502-CEL12261_94340_328	Ap05	4641813	4641413	023.824
2256-CEL599_436863_199	Ap05	4705467	4705209	024.084
1584-CEL14107_29121_732	Ap05	4098054	4097814	024.253
2701-CEL16956_53345_348	Ap05	4945929	4945529	024.419
5517-CEL26571_57524_184	Ap05	4152637	4153018	024.902
4630-CEL658_232442_83	Ap05	4977984	4977702	025.326
2703-CEL17076_77702_435	Ap05	4697308	4697554	026.185
3039-CEL35283_2243_60	Ap05	5000175	5000334	026.377
3769-CEL1840_104079_136	Ap05	5054445	5054617	026.496
2597-CEL13229_30413_88	Ap05	4990663	4990376	027.747
2546-CEL1162_81420_113	Ap05	4898585	4898462	028.552
2195-CEL4094_71692_415	Ap05	5353975	5354220	033.091
2480-CEL19326_25348_607	Ap05	5428642	5428315	033.797
0695-CEL2603_42408_1593	Ap05	5728050	5727650	037.055
2542-CEL11542_116976_416	Ap05	5799317	5799436	037.431
0494-CEL17920_72265_162	Ap05	5804960	5804617	037.647
3409-CEL10650_69661_1058	Ap05	5950430	5950716	038.264
1935-CEL20574_35704_337	Ap05	5958365	5958093	038.569
5116-CEL15818_14972_93	Ap05	6144297	6144589	038.587
5996-CEL4383_44592_768	Ap05	6146519	6146119	038.796
3584-CEL14255_30071_107	Ap05	5963079	5963341	038.874
5138-CEL1620_712488_934	Ap05	6168584	6168184	039.416
6206-CEL6451_96293_1060	Ap05	6288638	6288511	039.686
1712-CEL1639_84265_171	Ap05	6331914	6332159	040.164
1924-CEL2029_133420_580	Ap05	6350108	6350508	040.472
5268-CEL19344_25028_587	Ap05	6413893	6413547	040.971
4798-CEL9_197237_7681	Ap05	6522371	6522771	041.018
1697-CEL16145_21544_384	Ap05	6446670	6446915	041.579
1900-CEL19990_13582_89	Ap05	6490274	6490560	043.200
5300-CEL20272_26739_215	Ap05	6926208	6926608	044.063
2177-CEL3672_20732_650	Ap05	7446918	7447152	044.101
5207-CEL17923_8497_437	Ap05	7040575	7040175	044.279
3952-CEL2363_152955_329	Ap05	7460196	7460595	044.423
5889-CEL38202_2729_129	Ap05	7391420	7391260	044.629
3642-CEL15441_106310_847	Ap05	7668666	7668926	045.673
3806-CEL19250_93327_266	Ap05	7826199	7826498	045.949
2902-CEL27060_61242_32	Ap05	7970418	7970649	046.589
5431-CEL24487_42881_200	Ap05	8213595	8213442	047.626
1669-CEL1558_73932_189	Ap05	8730278	8730666	048.083
3286-CEL7408_85221_238	Ap05	8733445	8733845	048.354
5551-CEL2738_62446_517	Ap05	8442340	8442740	048.668
1423-CEL11758_158585_1089	Ap05	9509254	9509022	050.507
3676-CEL16184_50932_63	Ap05	9823699	9823531	051.104
0116-CEL26981_27750_301	Ap05	14148245	14148621	051.126
1164-CEL7803_62555_1002	Ap05	14480001	14480236	051.316
1004-CEL4935_64119_346	Ap05	14340403	14340147	051.491
1315-CEL10523_52353_291	Ap05	15269718	15269859	052.083
1682-CEL15750_21357_312	Ap05	16097483	16097262	052.243
5094-CEL15201_43948_577	Ap05	16325942	16325554	052.378
0322-CEL12928_28812_179	Ap05	16099869	16099491	052.750
2076-CEL2387_57211_1062	Ap05	18562749	18562351	052.851
2698-CEL16840_8793_183	Ap05	18641470	18641855	053.042
0161-CEL6656_39378_1190	Ap05	18865835	18866132	053.625
0358-CEL13888_96140_772	Ap05	20487897	20488297	053.915
1221-CEL8882_90673_1248	Ap05	20144824	20144529	054.174
1264-CEL983_133234_2811	Ap05	20981937	20982337	054.397
1500-CEL12872_30852_365	Ap05	19576905	19576671	054.846
6190-CEL6163_171096_140	Ap05	20134753	20134525	055.290
0777-CEL3_733938_829	Ap05	24111158	24111558	055.542
1654-CEL15371_22428_721	Ap05	24244636	24244275	055.829
0075-CEL1916_98852_89	Ap05	28425207	28424919	056.066
1554-CEL13712_25886_148	Ap05	29716456	29716754	056.369
2283-CEL7556_115306_73	Ap05	31225457	31225192	056.793
0625-CEL22600_30956_348	Ap05	33379698	33379886	056.966
1613-CEL1466_57879_1175	Ap05	33365016	33365255	057.163
0955-CEL4396_56439_1054	Ap05	34102752	34102873	057.173
0431-CEL16080_53479_636	Ap05	59147893	59147493	057.432
0042-CEL16102_62786_39	Ap05	62918955	62919193	057.670
4340-CEL3838_67798_1566	Ap05	70638469	70638691	058.216
1274-CEL10058_54820_464	Ap05	76545010	76545410	058.292
2018-CEL22491_57958_519	Ap05	80552995	80553301	058.371
1401-CEL11458_41261_310	Ap05	122374770	122375071	058.530
1403-CEL1148_73987_2074	Ap05	122453550	122453150	058.738
1953-CEL20885_16694_570	Ap05	95367661	95367968	058.762
2817-CEL22422_26782_497	Ap05	140817285	140817051	058.971
0195-CEL10022_44127_703	Ap05	107349839	107349439	059.024
1743-CEL16888_41818_384	Ap05	216561196	216560976	059.185
0803-CEL3122_236818_2066	Ap05	139667378	139667120	059.459
1383-CEL11276_32557_442	Ap05	235475249	235475649	059.909
3306-CEL8229_20996_837	Ap05	231944863	231945013	060.426
0215-CEL1060_196698_862	Ap05	236228060	236227707	060.714
3703-CEL16808_39065_154	Ap05	244516244	244515891	060.786
2055-CEL2325_68495_671	Ap05	264431094	264430694	060.795
0703-CEL26421_16800_193	Ap05	256822704	256823012	060.871
1392-CEL11388_126430_101	Ap05	269245166	269245466	061.057
1788-CEL1780_87869_2523	Ap05	306701617	306701380	061.281
0579-CEL210_142375_4129	Ap05	276540678	276540900	061.321
2865-CEL24939_29038_142	Ap05	308357993	308357700	061.549
1903-CEL20038_21106_256	Ap05	290039046	290039446	061.597
2539-CEL11255_36292_221	Ap05	306084176	306084576	061.874
2218-CEL4472_88408_1205	Ap05	306469320	306469493	062.151
0527-CEL19243_24519_583	Ap05	307330315	307330022	062.589
4935-CEL1156_336101_967	Ap05	314711617	314711214	062.846
1425-CEL11789_39966_672	Ap05	314983254	314983521	063.095
0880-CEL3776_68601_1348	Ap05	308483033	308483157	063.155
1325-CEL10669_90751_279	Ap05	313561407	313561759	064.868
3612-CEL1477_79844_1120	Ap05	317733960	317733602	065.641
3694-CEL16572_26146_783	Ap05	316987702	316987970	065.790
2101-CEL2440_49255_773	Ap05	318426580	318426301	065.846
3785-CEL18687_6148_431	Ap05	317872295	317872069	066.049
5031-CEL13674_168860_710	Ap05	318534128	318534314	066.140
5021-CEL13423_38011_134	Ap05	319468478	319468145	066.429
6393-CEL9334_120708_313	Ap05	320083698	320084098	066.706
5884-CEL3794_153482_886	Ap05	320497301	320496901	067.568
4406-CEL42530_11423_181	Ap05	319475872	319476235	067.619
1617-CEL14708_29624_661	Ap05	320500760	320500496	067.780
0155-CEL6036_83921_1260	Ap05	319925278	319925677	067.841
5492-CEL25849_19675_82	Ap05	320308899	320308618	067.958
4378-CEL40655_51827_76	Ap05	319930645	319930884	068.131
5985-CEL4294_233024_288	Ap05	320573754	320573496	068.138
4155-CEL30110_5487_297	Ap05	320499361	320499028	068.625
1820-CEL18354_12491_216	Ap05	321869956	321869556	069.499
3439-CEL11161_71650_56	Ap05	320717738	320717553	069.509
0413-CEL1547_80831_459	Ap05	322775941	322776223	069.746
0962-CEL4437_70441_308	Ap05	321812448	321812848	070.086
0198-CEL10055_43280_349	Ap05	322122416	322122818	070.379
0039-CEL1547_80831_2408	Ap05	322778957	322779357	070.640
3514-CEL1261_90946_592	Ap05	322838464	322838288	070.870
6071-CEL48758_10470_79	Ap05	323030413	323030546	070.946
5130-CEL16091_88262_169	Ap05	323049703	323050071	071.420
4030-CEL26113_10648_88	Ap05	323097447	323097175	071.772
1672-CEL156_314265_2982	Ap05	324377574	324377722	071.781
1386-CEL1129_82114_2652	Ap05	324019114	324018773	072.018
4402-CEL4225_25296_315	Ap05	324025193	324025593	072.134
3848-CEL20154_154434_176	Ap05	324206147	324206407	072.231
5228-CEL18398_203460_83	Ap05	324891189	324890932	074.842
6356-CEL8744_78648_161	Ap05	324817845	324818205	074.912
6058-CEL4803_23119_1339	Ap05	326808155	326808555	079.216
0397-CEL15100_28804_491	Ap05	328873903	328874119	081.918
0220-CEL1067_106917_2471	Ap05	328998328	328997928	082.673
2002-CEL22153_11422_417	Ap05	329297371	329297634	086.828
0864-CEL36107_7496_143	Ap05	329278800	329278478	087.385
4055-CEL27001_19602_429	Ap05	329587179	329587449	088.724
2131-CEL2830_61840_90	Ap05	329514834	329514566	089.018
3408-CEL10626_26000_831	Ap05	329638977	329639137	090.416
2066-CEL23480_38769_550	Ap05	329648394	329648296	091.989
4584-CEL6015_37658_635	Ap05	329824153	329823853	094.751
4768-CEL8498_97452_426	Ap05	329817302	329816902	094.755
2241-CEL509_152986_807	Ap05	333078526	333078126	096.799
4501-CEL49923_107988_126	Ap05	333359268	333359088	100.272
1447-CEL12040_50294_158	Ap05	333392092	333392194	100.642
2199-CEL4199_77894_266	Ap05	333440194	333439794	100.949
4536-CEL5276_97738_1291	Ap05	333451910	333451729	101.270
6189-CEL6161_39317_1426	Ap05	333493853	333493552	102.116
6327-CEL822_137862_489	Ap05	333547119	333546888	102.381
5087-CEL15046_76666_595	Ap05	333592177	333592074	102.914
2034-CEL2286_174682_238	Ap05	333657033	333656758	103.413
1028-CEL5413_84340_331	Ap05	333912517	333912915	106.581
1042-CEL567_82393_398	Ap05	333920826	333921226	107.430
1921-CEL2020_110219_231	Ap05	333840834	333840434	108.003
0644-CEL2347_523452_1755	Ap05	334065770	334065539	108.084
3803-CEL19226_270931_277	Ap05	334184897	334185263	108.495
1023-CEL5346_38705_1327	Ap05	334179676	334179536	108.505
2738-CEL18402_51291_324	Ap05	334102482	334102882	109.127
0976-CEL4580_65529_288	Ap05	336009879	336010283	110.409
1792-CEL17840_24701_556	Ap05	336067052	336066652	111.130
1129-CEL7304_96232_699	Ap05	336096529	336096720	112.332
0384-CEL14602_64616_165	Ap05	336177010	336176740	112.467
0978-CEL4624_104916_884	Ap05	336193486	336193230	112.683
1545-CEL13598_124323_26	Ap05	336235511	336235388	112.710
0653-CEL24047_67759_241	Ap05	336183970	336183570	112.872
0909-CEL402_108994_2363	Ap06	337604799	337605053	120.565
3733-CEL1735_121380_1444	Ap06	337345259	337344953	118.195
2306-CEL937_172073_2900	Ap06	334938977	334938630	113.525
2992-CEL3274_22172_1677	Ap06	334823623	334823884	113.276
2129-CEL2794_87611_1121	Ap06	334525867	334526267	112.473
3983-CEL24411_25511_158	Ap06	334518996	334518673	111.939
1720-CEL16612_253851_756	Ap06	335614928	335615221	110.268
4821-CEL9323_158712_1164	Ap06	334466864	334466524	109.9
5450-CEL25065_17145_401	Ap06	334275328	334275677	103.654
3182-CEL48331_7024_66	Ap06	334212283	334212495	103.399
4875-CEL10354_122272_318	Ap06	334190739	334191139	102.804
3061-CEL373_440113_2415	Ap06	334294632	334294232	102.544
1974-CEL21406_58860_27	Ap06	334167363	334167211	102.267
1065-CEL6041_57207_1310	Ap06	334265734	334265577	102.223
0386-CEL14682_81677_106	Ap06	333108053	333107748	95.583
0654-CEL24102_69299_541	Ap06	333101289	333101525	95.235
0635-CEL2299_53254_484	Ap06	332993941	332993541	93.801
4676-CEL7117_16580_968	Ap06	332955089	332955489	92.843
1133-CEL7367_37992_1346	Ap06	327288207	327287859	82.897
4252-CEL34218_6339_232	Ap06	319210928	319210607	82.387
0392-CEL149_162373_2597	Ap06	319235385	319234985	82.226
0326-CEL13039_24083_159	Ap06	319247215	319247012	82.011
1858-CEL19172_52294_457	Ap06	319025139	319024737	79.961
2474-CEL19172_52294_517	Ap06	319025068	319024676	79.897
1845-CEL1890_341187_2488	Ap06	318823655	318823431	79.621
2383-CEL13437_26943_865	Ap06	318201359	318201011	78.708
1472-CEL1243_139729_785	Ap06	318162574	318162174	78.077
2371-CEL1243_139729_2459	Ap06	318160900	318160500	77.762
1821-CEL18365_14097_725	Ap06	317507879	317508202	77.307
1751-CEL16995_46243_221	Ap06	317495927	317495527	75.684
2449-CEL16995_46243_232	Ap06	317495916	317495516	75.626
0647-CEL237_123418_3878	Ap06	317261338	317261580	75.299
1117-CEL7063_51937_199	Ap06	314483669	314484067	75.076
1862-CEL19196_38700_381	Ap06	302087362	302087762	74.5
0620-CEL225_235442_3139	Ap06	297955844	297956244	73.146
1951-CEL2081_64371_2246	Ap06	295357604	295357210	72.863
1323-CEL10662_205591_152	Ap06	294206434	294206132	72.274
1786-CEL17786_36834_192	Ap06	294108290	294108681	71.936
1283-CEL10162_56463_792	Ap06	291274870	291275270	71.144
1783-CEL17719_19480_375	Ap06	290654107	290653707	70.886
1599-CEL14359_12599_215	Ap06	290057816	290058216	69.183
2014-CEL22358_12424_275	Ap06	288964298	288964698	68.593
1553-CEL13685_93361_140	Ap06	285173091	285172838	68.306
1387-CEL11317_42041_121	Ap06	280691009	280690730	67.728
0261-CEL1160_174697_2647	Ap06	271898621	271899021	67.68
0561-CEL20165_14402_229	Ap06	266588128	266587815	67.205
2281-CEL7289_91742_159	Ap06	261628818	261629176	67.037
2734-CEL18236_9565_696	Ap06	266063801	266064082	66.955
5570-CEL278_296025_2902	Ap06	264605309	264604909	66.703
1288-CEL10214_15344_907	Ap06	262639758	262640158	66.417
2149-CEL31176_16515_244	Ap06	243669371	243669649	66.342
0441-CEL1634_75926_1478	Ap06	151864321	151864721	66.082
3829-CEL19792_55895_119	Ap06	145831967	145832285	65.939
4760-CEL839_203337_2118	Ap06	139956503	139956732	65.74
0327-CEL13062_13681_122	Ap06	101204164	101204450	65.477
0288-CEL1221_125713_497	Ap06	94464569	94464344	65.226
3097-CEL40200_6250_146	Ap06	94573842	94573577	65.189
1351-CEL10932_31451_805	Ap06	258340192	258339792	65.084
1296-CEL10312_39073_194	Ap06	190858076	190858469	64.798
0534-CEL19418_53352_252	Ap06	89051493	89051290	64.505
1939-CEL20659_34754_45	Ap06	167829506	167829262	64.349
0282-CEL12037_31327_849	Ap06	81540569	81540969	64.302
0419-CEL15799_21109_412	Ap06	72254560	72254960	64.181
1052-CEL5878_97910_650	Ap06	71565619	71565219	63.954
0616-CEL22431_15707_294	Ap06	67316770	67316496	63.588
0458-CEL16697_17884_557	Ap06	70833708	70833476	63.412
1216-CEL878_162576_220	Ap06	65911353	65911038	63.239
2065-CEL23476_14882_448	Ap06	99907006	99907354	63.098
0032-CEL14422_37987_643	Ap06	65635115	65634891	63.078
2967-CEL3152_98293_72	Ap06	101217980	101217714	63.059
0320-CEL12896_49114_926	Ap06	63108491	63108811	62.861
2843-CEL2366_25066_952	Ap06	60694300	60693900	62.595
2465-CEL18_177078_3747	Ap06	62675016	62674616	62.594
4984-CEL1265_366193_414	Ap06	76974925	76974763	62.356
0271-CEL11915_28421_347	Ap06	57786873	57786473	62.351
4979-CEL12476_87268_546	Ap06	68996789	68997189	61.993
1118-CEL7078_51410_920	Ap06	54050239	54049879	61.986
6010-CEL4490_21559_884	Ap06	66182252	66181993	61.734
0250-CEL11389_71385_194	Ap06	51935967	51936356	61.519
1560-CEL13772_35407_693	Ap06	65605329	65604929	61.483
5371-CEL22391_42983_491	Ap06	65138669	65138331	61.089
0121-CEL2893_65656_768	Ap06	46603139	46603389	61.049
1075-CEL620_160950_2964	Ap06	63637738	63638138	60.979
2720-CEL17871_202310_613	Ap06	46698860	46698719	60.878
1189-CEL8202_18582_371	Ap06	63875920	63875756	60.856
1139-CEL7435_56887_196	Ap06	40225348	40225066	60.458
1422-CEL11752_31989_624	Ap06	37597039	37597409	60.223
1533-CEL1343_95811_237	Ap06	58020235	58019835	59.925
3335-CEL9113_110939_1038	Ap06	34589827	34589427	59.792
3749-CEL17847_267553_33	Ap06	31209163	31209045	59.421
0368-CEL14286_25403_465	Ap06	29666935	29667335	58.949
0573-CEL2055_147700_953	Ap06	27662056	27661656	58.795
0279-CEL11994_94875_115	Ap06	27021440	27021753	57.906
2398-CEL13907_51291_702	Ap06	26713050	26713456	57.646
0275-CEL11946_62215_522	Ap06	26624404	26624004	57.294
1363-CEL11034_43288_258	Ap06	36511194	36511438	57.11
2344-CEL11660_51768_847	Ap06	26470199	26470559	57.015
1571-CEL13910_23598_807	Ap06	34810918	34811297	56.824
0426-CEL160_262696_1396	Ap06	25426725	25427026	55.913
2730-CEL1814_32495_393	Ap06	24928720	24928386	55.669
1886-CEL19768_16449_151	Ap06	28204575	28204721	55.272
1749-CEL16972_44906_183	Ap06	27812891	27813273	54.983
1262-CEL9787_48523_316	Ap06	23089010	23089408	54.775
1569-CEL13907_51291_677	Ap06	26713025	26713412	54.693
1050-CEL5827_64877_366	Ap06	22508018	22507904	54.46
4982-CEL12548_48210_128	Ap06	25341836	25341524	54.458
3543-CEL1333_86500_2306	Ap06	22134604	22134448	53.943
5245-CEL18974_63002_327	Ap06	22294911	22294759	53.871
5366-CEL2224_60109_1439	Ap06	21934683	21934283	53.689
6057-CEL48007_17682_49	Ap06	21596980	21597174	53.677
1898-CEL1994_41141_217	Ap06	20796653	20796284	53.182
1769-CEL1740_113038_1516	Ap06	20067825	20067425	52.716
6125-CEL5381_333353_742	Ap06	20470365	20469965	52.69
0403-CEL15252_35699_167	Ap06	17355153	17354963	52.523
0423-CEL1584_172214_170	Ap06	16709063	16708735	52.12
1985-CEL21759_18089_215	Ap06	15777258	15777658	51.616
1717-CEL16478_124394_826	Ap06	15915867	15915724	51.152
0023-CEL12982_18240_494	Ap06	15864670	15864462	50.898
5488-CEL2579_80146_2162	Ap06	14875764	14876034	50.595
5823-CEL35607_4817_99	Ap06	14780344	14780594	50.212
5783-CEL34008_68138_178	Ap06	14780316	14779963	50.019
3109-CEL41261_4203_61	Ap06	14345092	14345345	48.226
2647-CEL14919_7869_681	Ap06	14345839	14345520	48.131
0087-CEL20609_19473_132	Ap06	13797965	13798296	47.263
2145-CEL30682_31612_329	Ap06	11410844	11411133	46.992
2364-CEL12356_73137_863	Ap06	11201109	11201249	45.813
0294-CEL12356_73137_471	Ap06	11199558	11199686	45.79
0056-CEL17252_46013_558	Ap06	11164829	11165144	45.304
1159-CEL7702_37366_686	Ap06	10969510	10969680	44.435
0508-CEL1846_57187_1444	Ap06	10278622	10279022	44.135
1585-CEL1411_358229_2680	Ap06	10108032	10108253	43.786
4283-CEL35511_7914_193	Ap06	8669365	8669033	43.612
2043-CEL22935_7152_466	Ap06	7685947	7685734	42.68
1807-CEL1806_41563_990	Ap06	7684306	7684001	42.364
6337-CEL8446_20854_360	Ap06	7330075	7330300	41.03
0869-CEL3647_52380_1089	Ap06	7557419	7557019	40.89
3467-CEL11578_100857_1079	Ap06	6946275	6946407	39.733
0359-CEL13894_50176_929	Ap06	6753170	6753052	37.806
6130-CEL5428_40955_276	Ap06	5946725	5946908	36.771
6201-CEL6410_87332_183	Ap06	5920804	5920422	35.866
1106-CEL6844_48356_153	Ap06	5881469	5881192	35.185
5102-CEL15506_10941_486	Ap06	5314707	5314307	33.542
4527-CEL5196_76117_172	Ap06	5828390	5828761	33.282
5676-CEL3070_33118_429	Ap06	5305339	5305077	32.255
3691-CEL16510_12186_96	Ap06	5133475	5133317	29.994
3890-CEL2146_28808_177	Ap06	5140499	5140129	29.946
3660-CEL15914_242910_799	Ap06	5070656	5070935	29.512
6420-CEL970_60342_1193	Ap06	4896875	4896475	27.961
1863-CEL19225_18605_246	Ap06	4856447	4856047	27.658
0592-CEL2131_98845_2247	Ap06	4696833	4696619	23.931
1676-CEL1563_46291_2298	Ap06	4269815	4270213	20.676
0374-CEL14416_24349_406	Ap06	4472559	4472159	19.634
1837-CEL18707_23469_550	Ap06	4048144	4047744	15.197
4196-CEL3211_126986_101	Ap06	3975685	3975984	14.608
2108-CEL24499_28126_43	Ap06	2873327	2873140	13.36
3795-CEL19105_5284_656	Ap06	3590802	3590516	11.445
3056-CEL36924_14229_57	Ap06	2872505	2872761	9.83499999999999
3266-CEL6847_15543_1203	Ap06	2847264	2846864	9.574
2568-CEL12185_10461_774	Ap06	2844328	2844728	9.31099999999999
2577-CEL12448_80982_53	Ap06	2800105	2800246	8.52499999999999
4704-CEL7543_19193_87	Ap06	2782207	2782493	8.359
2557-CEL11834_149147_733	Ap06	2682270	2681870	8.092
3129-CEL4248_129128_1139	Ap06	2473552	2473154	7.03
0405-CEL15343_53511_618	Ap06	2437442	2437741	6.229
1062-CEL5987_57262_1232	Ap06	2411595	2411272	5.982
2767-CEL1996_304399_690	Ap06	2259456	2259856	3.172
2742-CEL18693_5209_345	Ap06	2243740	2244138	2.672
2274-CEL7082_45319_584	Ap06	1794223	1794396	0.798000000000002
1832-CEL18605_24706_176	Ap06	2212320	2212127	0
2107-CEL24460_16947_155	Ap07	269579344	269579164	110
1498-CEL12855_43701_407	Ap07	269575831	269576133	109.987
0447-CEL16490_24040_727	Ap07	268922064	268921736	109.405
0414-CEL1550_129274_275	Ap07	269609510	269609110	109.357
0415-CEL1562_87030_2104	Ap07	269675144	269675544	109.061
2890-CEL26280_15153_235	Ap07	267568634	267568234	99.731
2084-CEL24155_30028_414	Ap07	267504706	267504344	99.046
2923-CEL28410_22445_298	Ap07	267503807	267504175	98.669
0588-CEL21167_18236_337	Ap07	267598419	267598819	97.781
4717-CEL7861_412358_198	Ap07	266521026	266520629	91.969
5166-CEL17019_31269_60	Ap07	266535942	266536201	85.801
0652-CEL23999_23472_355	Ap07	265886003	265885603	82.818
0624-CEL2260_131614_1836	Ap07	265831759	265831359	80.985
5798-CEL3496_53803_507	Ap07	264607791	264607910	78.89
1677-CEL15657_30958_335	Ap07	258757895	258757506	74.12
0925-CEL4159_88212_238	Ap07	260113328	260113663	73.646
1576-CEL13994_21499_637	Ap07	258697360	258697635	71.305
1933-CEL20481_26748_262	Ap07	258686503	258686659	70.149
1123-CEL7132_52145_775	Ap07	256356927	256357140	65.961
1871-CEL19343_25312_408	Ap07	256584992	256585392	65.231
2259-CEL6063_54747_295	Ap07	256092220	256091887	63.67
2235-CEL4791_84108_613	Ap07	255992631	255992349	63.292
3457-CEL11464_63742_177	Ap07	255954030	255953674	63.212
3626-CEL1517_74196_987	Ap07	255058626	255058896	63.173
4635-CEL6647_130589_284	Ap07	252203266	252202930	62.917
4876-CEL10399_180205_106	Ap07	250621682	250621987	62.407
5332-CEL21198_98440_619	Ap07	250585456	250585212	62.199
0179-CEL8758_36072_1065	Ap07	251363208	251362808	62.17
0897-CEL39495_5706_173	Ap07	250817734	250818008	61.716
3542-CEL13329_88508_895	Ap07	249712836	249713161	61.179
1493-CEL12817_70770_941	Ap07	250527169	250527474	61.08
4450-CEL4543_301996_790	Ap07	247904895	247905295	60.908
4021-CEL25866_23570_187	Ap07	247726370	247726058	60.635
3809-CEL19269_25511_241	Ap07	247517311	247517113	60.118
0663-CEL24449_28551_423	Ap07	247612141	247611797	59.924
3415-CEL10723_104850_1095	Ap07	247402844	247402546	59.888
1317-CEL10552_36664_402	Ap07	247245854	247245454	58.348
5326-CEL2102_121708_1740	Ap07	246882311	246881911	57.787
1605-CEL1448_101316_551	Ap07	241177150	241176750	57.619
1309-CEL10444_28009_779	Ap07	203555004	203555404	57.344
4274-CEL3524_55545_1554	Ap07	183884401	183884801	57.04
1407-CEL11597_69488_89	Ap07	189131872	189132143	56.861
1455-CEL12214_71647_939	Ap07	197230529	197230770	56.811
1989-CEL2186_68367_1119	Ap07	188995648	188995492	56.55
1889-CEL1980_67573_2195	Ap07	176012257	176012657	56.446
0612-CEL22199_33668_108	Ap07	181565442	181565135	56.244
1532-CEL1341_155496_1460	Ap07	175710299	175710052	56.072
1520-CEL13166_25146_481	Ap07	65349740	65349393	56.033
1297-CEL10313_33345_289	Ap07	165582919	165583319	55.934
0321-CEL129_185944_2331	Ap07	143114397	143114170	55.85
2946-CEL30244_4291_262	Ap07	60058374	60058009	55.771
4891-CEL10749_11572_637	Ap07	50524703	50525103	55.526
0125-CEL34179_13416_115	Ap07	62017727	62017872	55.374
0607-CEL2185_67358_754	Ap07	57133375	57133640	55.119
1115-CEL704_89833_650	Ap07	49535508	49535365	54.885
0160-CEL652_190987_2812	Ap07	44678359	44678021	54.627
0941-CEL4276_42564_734	Ap07	31084113	31084379	54.572
2166-CEL34858_26516_159	Ap07	38092659	38092406	54.367
2181-CEL3738_62602_264	Ap07	39220471	39220071	54.256
6122-CEL536_118208_2158	Ap07	30515364	30514964	54.214
2941-CEL29714_4930_370	Ap07	34915691	34915423	54.117
3631-CEL15263_37757_539	Ap07	33816321	33816721	54.025
2673-CEL15968_33477_30	Ap07	32194830	32195059	53.867
4105-CEL28444_77024_153	Ap07	32046601	32046249	53.664
0485-CEL17688_60892_734	Ap07	30518503	30518753	53.562
1081-CEL6334_96449_150	Ap07	29853324	29852975	52.671
0420-CEL15802_51166_578	Ap07	24958737	24958337	52.418
1331-CEL10743_36005_809	Ap07	28489083	28489483	52.365
1738-CEL16868_165478_630	Ap07	24818611	24819011	52.191
1670-CEL1559_125278_116	Ap07	21917050	21916801	52.14
0855-CEL3530_124166_1993	Ap07	20447614	20447373	50.783
1275-CEL10083_60836_300	Ap07	19869156	19868756	48.335
1378-CEL11223_69649_898	Ap07	18071948	18071684	46.265
0854-CEL3523_44447_188	Ap07	17663253	17662866	46.23
0199-CEL10092_214225_421	Ap07	17502337	17502737	45.889
5384-CEL22665_68562_134	Ap07	12080271	12080604	44.123
1790-CEL17818_27570_61	Ap07	12013931	12013671	43.799
0709-CEL26760_37539_258	Ap07	11718501	11718781	43.414
1096-CEL6585_28479_441	Ap07	11675610	11675229	43.102
0379-CEL14533_24150_135	Ap07	11404881	11404560	42.702
1486-CEL12712_36979_625	Ap07	11144283	11144623	40.747
1674-CEL15618_37681_116	Ap07	10936723	10937039	39.207
0903-CEL39715_6350_169	Ap07	11104036	11103717	38.949
0629-CEL2285_238185_2215	Ap07	11005544	11005213	38.832
1319-CEL10603_78720_483	Ap07	10935493	10935344	38.537
1251-CEL9484_45198_421	Ap07	10938982	10938714	38.45
0346-CEL13502_21451_690	Ap07	9704105	9703954	38.048
0213-CEL10453_35179_811	Ap07	9699705	9699483	37.894
4642-CEL6712_424252_406	Ap07	9064326	9064726	35.879
1281-CEL10155_42005_228	Ap07	8385791	8386095	35.012
0013-CEL11947_54313_886	Ap07	8866907	8866507	34.838
4113-CEL28800_17831_415	Ap07	8943841	8944083	34.761
5147-CEL16387_22876_437	Ap07	8416625	8416225	34.655
5156-CEL16657_87904_292	Ap07	8347834	8347434	33.425
1239-CEL9263_22495_1042	Ap07	8851581	8851181	33.212
2728-CEL18088_82423_154	Ap07	8600903	8600592	32.335
2501-CEL1012_43967_99	Ap07	7656908	7657206	28.685
0156-CEL6113_54715_310	Ap07	7795871	7795701	28.383
2497-CEL10008_11945_472	Ap07	7703084	7702684	27.276
2571-CEL12266_250623_595	Ap07	7667788	7668196	26.961
4384-CEL41030_4132_61	Ap07	6777225	6777479	26.31
3487-CEL11912_141401_712	Ap07	7562988	7563388	26.173
5236-CEL18699_30710_371	Ap07	5650984	5650601	26.028
4231-CEL33544_21869_58	Ap07	7519654	7519392	25.743
2968-CEL31556_3581_60	Ap07	5665746	5665996	24.215
0641-CEL23313_31147_486	Ap07	5789729	5789412	23.83
0513-CEL186_412876_903	Ap07	5773328	5773727	23.566
5490-CEL25835_38734_109	Ap07	5511159	5511417	23.021
3042-CEL35799_14905_105	Ap07	5649614	5649827	22.519
6303-CEL7967_110049_1195	Ap07	4376622	4376827	21.75
0524-CEL1913_137523_136	Ap07	4367398	4367287	19.581
2795-CEL21304_29153_338	Ap07	4369769	4370145	19.281
0950-CEL4366_54891_1664	Ap07	4253866	4254266	18.749
1238-CEL9238_94433_743	Ap07	3657613	3657372	17.028
1450-CEL1211_79604_1106	Ap07	3418393	3418679	16.739
1169-CEL7884_304654_118	Ap07	3296596	3296431	16.189
1430-CEL11835_66238_1030	Ap07	3239428	3239689	15.561
0245-CEL113_245916_272	Ap07	2907244	2907644	13.981
1121-CEL7095_261320_1423	Ap07	2901484	2901237	13.681
1348-CEL10922_30257_187	Ap07	3096577	3096742	13.183
3194-CEL4978_180982_413	Ap07	2940827	2941175	12.905
1488-CEL12745_26613_687	Ap07	2758059	2758385	9.202
1796-CEL1791_91821_1725	Ap07	2691114	2690714	8.648
3423-CEL10896_31309_1064	Ap07	2497006	2497273	7.953
1950-CEL20807_23146_361	Ap07	2486100	2486370	7.694
4361-CEL3957_23853_641	Ap07	2475335	2474935	7.016
0749-CEL2873_231070_2108	Ap07	2467449	2467172	6.883
2512-CEL10315_13617_1142	Ap07	2433971	2433758	6.218
2690-CEL16353_125513_733	Ap07	2427093	2427421	5.94199999999999
2825-CEL22828_104405_25	Ap07	2418625	2418769	5.655
3158-CEL4618_89188_1473	Ap07	2357322	2357722	4.256
0283-CEL12078_77940_217	Ap07	2191526	2191125	2.938
2583-CEL12734_14140_72	Ap07	2176295	2176440	2.285
0587-CEL21155_29170_240	Ap07	2117656	2117284	1.59699999999999
0917-CEL4076_67579_363	Ap07	2043843	2044015	0.465000000000003
1266-CEL987_118031_409	Ap07	2007238	2007369	0
2329-CEL10695_40890_948	Ap08	287072249	287072111	116.765
1573-CEL1394_68906_2079	Ap08	286293409	286293009	116.03
0396-CEL15032_56549_525	Ap08	286224889	286224503	115.562
2330-CEL10695_40890_958	Ap08	287072239	287072111	114.971
3617-CEL14910_45385_136	Ap08	286212853	286212526	114.375
2275-CEL7090_58026_252	Ap08	286109545	286109374	111.402
2050-CEL2310_64408_1204	Ap08	286184029	286184429	110.897
1420-CEL11702_22818_490	Ap08	286194963	286195351	110.85
0546-CEL1983_92794_1978	Ap08	286034619	286035019	108.501
6230-CEL6769_56935_955	Ap08	286009963	286010362	108.379
1824-CEL18488_17132_281	Ap08	285998692	285999093	108.107
1086-CEL6387_148811_936	Ap08	285879042	285879175	107.435
4995-CEL12910_89267_73	Ap08	285782603	285782811	105.83
5251-CEL19036_68638_160	Ap08	285780985	285781344	105.546
4860-CEL10061_119630_959	Ap08	285778369	285778769	105.226
1365-CEL11072_61908_799	Ap08	285773290	285773688	104.953
3465-CEL11571_55501_88	Ap08	285756636	285756841	104.932
5001-CEL13027_48264_217	Ap08	285771173	285770773	104.682
3996-CEL24991_36342_172	Ap08	285743581	285743952	104.004
3946-CEL23426_12283_208	Ap08	285739766	285739394	103.795
1258-CEL960_151358_839	Ap08	285702290	285702560	101.585
2401-CEL14142_79465_595	Ap08	285611684	285612084	99.893
4742-CEL8266_91103_192	Ap08	285685949	285686339	99.515
3924-CEL22595_82025_74	Ap08	285594508	285594605	99.207
4654-CEL6841_240294_77	Ap08	285582465	285582189	98.118
4802-CEL9093_121186_202	Ap08	285315022	285315422	95.252
4078-CEL27701_122429_57	Ap08	285241029	285241285	94.753
3579-CEL14058_283287_604	Ap08	285240631	285240230	94.578
0512-CEL1856_132747_352	Ap08	285196650	285196250	94.375
4757-CEL8365_567990_144	Ap08	285209297	285208953	93.971
0762-CEL2937_91191_1996	Ap08	285056757	285057127	93.408
3778-CEL18507_15392_364	Ap08	285131166	285130940	93.055
6136-CEL546_570441_391	Ap08	284876649	284877049	92.086
1490-CEL12764_49542_192	Ap08	284971794	284972186	91.525
3674-CEL16134_73924_131	Ap08	284967127	284966797	91.343
4648-CEL678_45384_698	Ap08	284881690	284882087	90.28
4052-CEL26852_64978_80	Ap08	284949673	284949952	89.97
3578-CEL14034_23562_700	Ap08	284936106	284935821	89.501
4295-CEL36233_19966_86	Ap08	284751885	284751618	88.95
3406-CEL10531_161002_185	Ap08	284750664	284750451	88.585
4520-CEL5088_34364_231	Ap08	284651914	284651583	88.467
1798-CEL1792_44129_2070	Ap08	284602167	284602511	88.17
2533-CEL11074_17986_466	Ap08	284583871	284583471	88.082
0076-CEL1933_98737_1157	Ap08	284565060	284565460	87.49
3875-CEL20879_64782_65	Ap08	284532896	284533053	87.259
0165-CEL7165_76891_1191	Ap08	284507791	284507938	86.855
3681-CEL16246_77115_277	Ap08	282824730	282825066	84.813
4834-CEL961_71306_421	Ap08	282822605	282822205	84.783
4184-CEL31398_122728_349	Ap08	282722169	282721914	84.436
4551-CEL5580_99022_249	Ap08	282664080	282663680	83.223
0547-CEL19834_24844_326	Ap08	282420450	282420050	82.791
5205-CEL17884_98666_92	Ap08	282678340	282678070	82.198
2582-CEL12681_172658_175	Ap08	282080210	282079836	81.924
4394-CEL41824_28945_27	Ap08	281997978	281998176	80.543
5185-CEL17519_124474_524	Ap08	282003305	282002960	79.539
3960-CEL23797_79447_460	Ap08	281940730	281940403	79.482
4650-CEL6793_46948_193	Ap08	281900220	281900578	79.194
5603-CEL28637_8474_67	Ap08	281907761	281907956	77.903
2184-CEL37808_22166_113	Ap08	281824057	281823758	76.996
3704-CEL16811_104967_157	Ap08	279422468	279422824	71.838
4949-CEL11820_71679_224	Ap08	280224021	280223711	71.465
4931-CEL11470_10191_949	Ap08	279942692	279942394	71.098
5362-CEL22101_45727_342	Ap08	279573190	279573593	70.902
4986-CEL12680_126617_222	Ap08	279397645	279397277	70.519
1019-CEL5240_25379_378	Ap08	279079053	279079330	69.753
0289-CEL12262_33630_226	Ap08	278926448	278926787	69.35
5416-CEL24113_58221_85	Ap08	279392125	279392409	69.069
0029-CEL13087_40283_415	Ap08	277063084	277062684	68.403
2328-CEL10680_32809_876	Ap08	273653427	273653757	65.419
1326-CEL10680_32809_852	Ap08	273653403	273653757	65.032
3466-CEL11572_189550_262	Ap08	273228735	273228997	64.754
4419-CEL43771_22527_75	Ap08	273122724	273122836	63.712
3757-CEL1807_39249_2084	Ap08	273094822	273095222	63.526
3907-CEL2211_295206_559	Ap08	272715773	272715500	63.12
3537-CEL13268_54367_71	Ap08	272662944	272663098	62.849
3447-CEL11219_102930_138	Ap08	272621810	272621491	62.834
3598-CEL14464_56054_537	Ap08	271278613	271278991	62.627
4906-CEL11110_84670_425	Ap08	274437945	274437545	62.474
4211-CEL32786_30365_69	Ap08	270955785	270955517	62.355
3413-CEL10701_93979_800	Ap08	268979726	268979868	61.594
3725-CEL17227_15336_511	Ap08	268618878	268619278	61.307
4735-CEL8089_243990_339	Ap08	268688220	268688501	61.254
3588-CEL143_158331_4554	Ap08	267002998	267002843	60.918
3818-CEL19503_54503_184	Ap08	264571799	264572011	60.676
2529-CEL10852_44217_440	Ap08	257850292	257850690	60.419
6196-CEL63_127041_5588	Ap08	17800731	17800331	59.386
6204-CEL6442_19133_423	Ap08	17866685	17867085	59.374
3916-CEL22477_14450_163	Ap08	252648315	252648677	59.112
4115-CEL28820_17137_70	Ap08	242175402	242175595	58.969
1465-CEL12346_54703_737	Ap08	243860833	243861183	58.944
4124-CEL29105_28826_157	Ap08	240328917	240329273	58.813
0760-CEL293_112771_2894	Ap08	218654772	218654372	58.738
5180-CEL17372_18809_460	Ap08	23277582	23277825	58.542
0451-CEL16596_23059_780	Ap08	193358614	193358844	58.494
1971-CEL2139_105187_113	Ap08	23205807	23206119	58.34
4037-CEL264_99267_3926	Ap08	117809029	117809429	58.267
5301-CEL20315_66993_290	Ap08	25805446	25805046	58.257
0713-CEL27032_11563_233	Ap08	26562041	26562309	58.229
0276-CEL1196_59893_286	Ap08	30306935	30306535	57.568
1360-CEL11003_78247_1046	Ap08	32828748	32829076	57.567
0314-CEL12768_61022_186	Ap08	50210232	50210517	57.482
1388-CEL11327_90098_1077	Ap08	222876831	222876558	57.243
0120-CEL2887_76431_504	Ap08	27524218	27523911	57.235
4544-CEL5411_109223_269	Ap08	25488661	25489061	56.876
0226-CEL10775_59279_940	Ap08	25243587	25243187	56.874
6243-CEL6910_317914_151	Ap08	258137205	258137555	56.754
2003-CEL22155_19498_476	Ap08	253834848	253835208	56.721
5139-CEL16282_11449_786	Ap08	260792430	260792708	56.553
5828-CEL35720_4818_105	Ap08	266996588	266996892	56.265
5051-CEL14085_109869_266	Ap08	270382179	270382504	55.915
6223-CEL6697_11390_455	Ap08	270651539	270651139	55.739
1652-CEL15327_36965_220	Ap08	273940586	273940986	55.032
5660-CEL3022_47613_104	Ap08	273995210	273995513	54.975
2137-CEL29391_15444_117	Ap08	17394989	17394673	54.552
0996-CEL4768_94577_1367	Ap08	16598295	16597895	53.958
1819-CEL1833_71412_330	Ap08	15415168	15415571	53.806
3038-CEL35276_11182_233	Ap08	13744092	13744388	50.126
4722-CEL7969_317617_1272	Ap08	13736633	13736853	49.808
3538-CEL13272_55266_173	Ap08	13501958	13501588	49.545
2220-CEL4513_50826_1116	Ap08	13471924	13472065	49.171
1941-CEL20666_34140_67	Ap08	13061564	13061332	46.948
2348-CEL11876_36615_500	Ap08	12862973	12862649	46.443
1431-CEL11876_36615_485	Ap08	12862988	12862649	46.322
1165-CEL7813_67736_958	Ap08	10480108	10479708	44.48
2175-CEL3584_145266_1724	Ap08	10042682	10042282	41.672
2682-CEL16179_10693_86	Ap08	8234233	8234518	41.654
2809-CEL22140_47154_290	Ap08	8188434	8188745	41.554
2616-CEL13929_15584_298	Ap08	8073584	8073978	41.484
0823-CEL32729_18605_125	Ap08	6870024	6869700	41.341
2833-CEL23415_41013_64	Ap08	6869216	6869076	41.012
1495-CEL12832_48590_879	Ap08	6436857	6436660	32.2
3737-CEL17509_8902_109	Ap08	6433847	6433539	32.061
1017-CEL5227_125170_124	Ap08	6351681	6351359	30.231
1558-CEL13769_57525_212	Ap08	6023713	6023313	28.807
1395-CEL1140_78589_1746	Ap08	5897899	5898299	24.861
2650-CEL14979_241190_138	Ap08	5957817	5957480	24.601
5463-CEL25303_67095_51	Ap08	5719176	5719332	23.833
2834-CEL23435_42277_287	Ap08	5930979	5930687	23.344
2592-CEL13076_16587_281	Ap08	5934365	5934614	23.34
0975-CEL4579_58955_301	Ap08	5824020	5823728	22.959
4228-CEL33449_2748_148	Ap08	5731797	5731450	21.591
3912-CEL22274_82513_144	Ap08	5718899	5718682	21.258
1195-CEL8295_57408_451	Ap08	5677507	5677830	20.984
0408-CEL1541_63383_921	Ap08	5575047	5575276	20.831
1826-CEL18514_17936_450	Ap08	5387165	5386827	17.148
6290-CEL7840_13744_307	Ap08	5396673	5396312	17.055
0922-CEL413_216875_155	Ap08	5424371	5424725	15.866
1261-CEL9670_24757_810	Ap08	5392942	5392542	15.305
0291-CEL12310_144780_222	Ap08	5312953	5313353	14.698
0775-CEL29855_27025_693	Ap08	5113290	5113039	13.732
2496-CEL20657_31459_386	Ap08	5064668	5064269	13.048
0140-CEL4504_53590_1372	Ap08	4930445	4930051	10.976
3235-CEL5972_96503_129	Ap08	3329403	3329075	4.05
4449-CEL454_410079_896	Ap08	3303848	3304248	3.31400000000001
4491-CEL4872_50355_662	Ap08	1901947	1901547	1.04600000000001
3132-CEL4302_81744_764	Ap08	1887342	1886942	0
0334-CEL13255_79581_1193	Ap09	1323800	1324044	000.000
3171-CEL4757_16515_1210	Ap09	1339420	1339820	000.627
6172-CEL5950_246583_1533	Ap09	2685748	2685427	000.933
2904-CEL27148_5366_143	Ap09	4321011	4320669	002.552
0216-CEL10613_89006_1127	Ap09	4377546	4377820	004.546
2353-CEL12121_62668_413	Ap09	4505742	4506142	006.003
6422-CEL9706_24487_150	Ap09	4660553	4660204	008.254
3648-CEL15635_12164_186	Ap09	4663362	4663668	008.483
5661-CEL30252_48178_267	Ap09	4704187	4704007	009.044
5527-CEL26787_30274_122	Ap09	4811869	4812188	009.570
4915-CEL11222_79426_722	Ap09	4872642	4872242	010.106
2052-CEL23114_33457_85	Ap09	4954294	4954060	011.730
6264-CEL7382_114776_1321	Ap09	4969491	4969341	012.007
5037-CEL13804_14112_486	Ap09	5021850	5021522	012.918
3828-CEL19734_6283_257	Ap09	5345452	5345052	016.730
4471-CEL4672_56552_902	Ap09	5340624	5341024	017.162
1460-CEL1227_345492_556	Ap09	5404649	5404468	017.476
2221-CEL45438_11844_171	Ap09	5476397	5476662	017.756
5550-CEL27355_7479_86	Ap09	5330891	5330789	018.642
0297-CEL12433_77453_990	Ap09	6226992	6227280	020.605
1628-CEL14958_20439_239	Ap09	5523198	5522798	021.040
0093-CEL22017_15142_512	Ap09	6333322	6332994	021.531
0096-CEL2274_92369_1190	Ap09	6536089	6536390	021.967
0318-CEL12852_38638_557	Ap09	6263603	6263426	023.624
0049-CEL16736_64983_632	Ap09	7496616	7497026	025.839
0461-CEL16736_64983_619	Ap09	7496604	7497013	025.947
5006-CEL13145_92407_33	Ap09	6285939	6286170	026.346
1016-CEL52_210551_3621	Ap09	7752976	7752576	027.037
0390-CEL14851_36672_467	Ap09	7785931	7786331	029.723
5526-CEL26783_89409_363	Ap09	7776170	7776512	030.419
1349-CEL10930_97245_756	Ap09	8248241	8248641	033.116
1219-CEL8813_144076_283	Ap09	10485142	10485542	035.231
1389-CEL11351_153804_272	Ap09	10577450	10577052	036.459
0856-CEL35425_3447_110	Ap09	13336928	13337237	040.292
4266-CEL34639_21659_323	Ap09	10491052	10491276	040.768
0752-CEL2880_141117_1953	Ap09	11930955	11930556	041.095
1912-CEL20108_61900_75	Ap09	11745875	11745602	041.275
0881-CEL3789_105393_1618	Ap09	18555818	18556218	048.143
0196-CEL1004_82835_2604	Ap09	21810737	21811137	048.476
1405-CEL11488_31178_659	Ap09	21836475	21836875	048.556
3477-CEL11695_34170_376	Ap09	21711152	21710752	048.692
3575-CEL14011_15400_171	Ap09	23470044	23469680	049.219
3678-CEL16190_89820_140	Ap09	24363619	24363282	049.428
0747-CEL2860_135614_289	Ap09	19539444	19539177	049.723
5349-CEL21703_51152_249	Ap09	21427551	21427156	050.320
5002-CEL13033_81502_677	Ap09	21222052	21221652	050.620
1879-CEL19589_32083_103	Ap09	21433537	21433839	050.915
5143-CEL16321_45822_107	Ap09	21834193	21833976	051.242
5352-CEL21772_6443_202	Ap09	21841850	21842250	051.750
1120-CEL709_105658_2513	Ap09	27758145	27757745	051.787
5808-CEL35124_9115_304	Ap09	23953961	23954196	051.966
2068-CEL23568_36044_57	Ap09	23259826	23260079	052.079
#2048-CEL23037_24476_117	Ap09	30966961	30966645	052.278
5084-CEL14978_109118_139	Ap09	25423396	25423733	052.943
#3882-CEL21115_7150_393	Ap09	106949301	106949183	053.045
5330-CEL21175_50919_365	Ap09	25761970	25761813	053.269
1687-CEL15944_34538_136	Ap09	26166732	26166397	053.552
5801-CEL35041_2379_225	Ap09	26163032	26163347	053.584
5164-CEL16948_73174_407	Ap09	26318268	26318399	053.687
5173-CEL17185_67954_367	Ap09	26456864	26457184	054.182
2001-CEL2215_74299_1223	Ap09	27410126	27409802	054.363
0336-CEL13309_25081_304	Ap09	28892419	28892775	054.588
1561-CEL13807_29922_228	Ap09	28360457	28360857	055.224
4127-CEL29154_7744_249	Ap09	207255895	207255619	055.493
4369-CEL4005_65624_1318	Ap09	163802419	163802819	055.632
3424-CEL10961_58835_175	Ap09	244113976	244113602	056.303
1527-CEL13297_25914_575	Ap09	28896655	28896436	056.308
4385-CEL4107_91415_180	Ap09	244660526	244660147	056.508
1343-CEL10890_50280_634	Ap09	59163550	59163667	056.667
5565-CEL22572_279645_eIF4e	Ap09	240169370	240169552	057.239
1298-CEL1032_104726_2418	Ap09	119842626	119842973	057.272
1482-CEL12657_40783_88	Ap09	128853963	128853717	057.617
4941-CEL11629_14396_331	Ap09	152319451	152319051	057.716
1629-CEL14962_25777_140	Ap09	160920487	160920826	057.801
6292-CEL7847_315776_1267	Ap09	143153079	143153454	057.960
4861-CEL10071_98829_695	Ap09	202111955	202112230	058.053
5341-CEL216_194116_3052	Ap09	222780810	222780917	058.145
4872-CEL10298_81504_51	Ap09	242318121	242317872	058.260
1271-CEL0_527351_3872	Ap09	247895360	247895058	058.734
1765-CEL17217_29594_515	Ap09	253961719	253961319	058.873
5741-CEL33078_22151_275	Ap09	254292894	254293146	059.074
1581-CEL14054_48755_870	Ap09	260083018	260082780	059.242
5235-CEL18692_109576_138	Ap09	263636131	263635794	059.311
6275-CEL7605_16379_326	Ap09	271348121	271347913	059.384
6090-CEL50072_5102_70	Ap09	266984250	266984320	059.420
4857-CEL10010_362543_56	Ap09	269949581	269949817	059.449
1949-CEL20802_14815_97	Ap09	271620695	271620929	059.528
5267-CEL19340_54396_182	Ap09	276357618	276357237	059.634
4808-CEL9178_18607_771	Ap09	273964974	273965374	059.635
1347-CEL10919_51712_134	Ap09	275606068	275606400	059.680
3593-CEL1436_542533_482	Ap09	274323796	274324196	059.785
5807-CEL3510_25492_673	Ap09	275192182	275191782	059.808
1371-CEL11133_44825_1072	Ap09	278924016	278923747	059.980
5149-CEL16398_20945_74	Ap09	273373204	273373360	060.043
5986-CEL43020_1486_92	Ap09	283809229	283808995	060.318
1443-CEL12_276840_360	Ap09	284137997	284138397	060.505
4209-CEL32693_30254_226	Ap09	276354720	276354366	060.631
4060-CEL27253_48077_56	Ap09	286354741	286354996	061.183
1885-CEL1974_167125_296	Ap09	284793369	284793678	061.195
5053-CEL141_746320_118	Ap09	285158003	285157714	061.423
6075-CEL49073_10443_74	Ap09	285713023	285713153	061.519
1642-CEL15184_97979_800	Ap09	285610168	285610488	061.579
0010-CEL11821_68910_196	Ap09	289411997	289412393	061.595
4989-CEL12756_21645_783	Ap09	285802778	285802378	061.775
0191-CEL973_62258_1349	Ap09	286558037	286558261	061.918
6205-CEL6449_452792_1565	Ap09	286811413	286811570	061.943
0137-CEL4072_66951_273	Ap09	290755137	290754737	062.103
3508-CEL12500_159924_501	Ap09	291821338	291820938	062.300
4922-CEL11302_84301_926	Ap09	288501543	288501161	062.477
0205-CEL1022_67515_626	Ap09	292578473	292578672	062.506
5255-CEL19178_99690_536	Ap09	289012411	289012007	062.723
5146-CEL16366_10247_103	Ap09	290690810	290691004	062.970
5040-CEL13860_36177_184	Ap09	290936466	290936086	063.181
4534-CEL5265_162050_66	Ap09	295586469	295586204	063.307
5380-CEL2259_49511_168	Ap09	291038425	291038058	063.620
5489-CEL2581_21967_385	Ap09	292341527	292341927	063.785
1637-CEL15111_22550_249	Ap09	292859695	292860095	063.807
2612-CEL13773_7026_90	Ap09	295911818	295911529	064.110
0452-CEL1660_181924_2553	Ap09	298619936	298619795	064.867
2298-CEL8805_45513_831	Ap09	299088233	299088633	065.387
1763-CEL17197_76606_673	Ap09	298825928	298826277	065.493
1864-CEL19240_30232_563	Ap09	299345270	299345456	066.177
1735-CEL16830_60033_76	Ap09	301823415	301823542	067.397
1342-CEL10846_17998_459	Ap09	302108623	302109023	067.651
2783-CEL2070_41442_283	Ap09	304051104	304051325	067.898
2966-CEL31513_3072_255	Ap09	304108808	304109155	068.345
5153-CEL16558_144126_130	Ap09	303965699	303966028	068.355
4900-CEL10958_25363_663	Ap09	306264334	306263934	069.403
0754-CEL2886_39887_1703	Ap09	304534971	304534571	070.015
4182-CEL31293_26159_156	Ap09	304197573	304197320	070.687
4705-CEL7560_80330_142	Ap09	304271113	304270772	071.040
1699-CEL16196_39659_794	Ap09	304543329	304543491	071.663
3247-CEL633_71643_400	Ap09	306625968	306625568	072.374
2746-CEL18882_174401_457	Ap09	306621163	306621458	072.498
3478-CEL11819_131297_149	Ap09	306423314	306423484	073.523
4072-CEL27612_74053_150	Ap09	306458454	306458786	074.034
3643-CEL15451_65087_713	Ap09	306930718	306930407	076.297
4128-CEL2920_209965_287	Ap09	307574781	307574958	081.110
3017-CEL34288_83736_59	Ap09	307663462	307663206	081.876
3887-CEL21297_34632_84	Ap09	307746000	307746097	083.828
2605-CEL13448_56908_256	Ap09	307749834	307750234	083.954
6109-CEL5234_23361_1420	Ap09	308248920	308248520	085.092
1723-CEL16646_22525_150	Ap09	308596091	308595742	087.039
0126-CEL3483_79112_782	Ap09	308395826	308395541	087.596
1827-CEL18535_22262_394	Ap09	308653042	308653427	088.234
1806-CEL18042_29182_321	Ap09	309098176	309097776	088.798
0221-CEL10689_77040_267	Ap09	308407329	308407729	088.878
0822-CEL32681_28273_329	Ap09	308409830	308409961	089.346
5298-CEL20238_46997_146	Ap09	308635124	308635436	089.818
4091-CEL28036_10757_101	Ap09	308710238	308710538	090.853
5793-CEL34440_3329_73	Ap09	309815728	309815456	090.959
3082-CEL3843_273450_475	Ap09	309127516	309127116	091.269
2762-CEL19559_64458_377	Ap09	309230427	309230027	092.417
0369-CEL14292_94069_902	Ap09	309405508	309405393	093.250
2657-CEL15217_113434_163	Ap09	309940313	309940124	094.444
3553-CEL1358_37223_226	Ap09	309897413	309897803	094.586
3452-CEL11352_58081_258	Ap09	310101718	310102060	095.961
2559-CEL11859_66539_71	Ap09	310122539	310122317	096.214
2237-CEL48177_21291_24	Ap09	310140547	310140325	097.098
1068-CEL6099_39645_220	Ap09	310153124	310153524	097.671
1143-CEL7474_24936_776	Ap09	310340500	310340100	101.332
1893-CEL19861_35532_194	Ap09	310433085	310432768	102.199
2224-CEL46331_15277_62	Ap09	310367743	310367911	102.538
1530-CEL1338_246889_2553	Ap09	310523677	310523278	105.219
4844-CEL9789_147677_270	Ap09	310556685	310556432	105.730
4257-CEL34326_26825_83	Ap09	310551754	310551850	105.750
4614-CEL6299_69467_431	Ap09	310933111	310933511	108.959
1556-CEL13756_143027_31	Ap09	311011535	311011744	111.242
4178-CEL3118_65731_1258	Ap09	311063119	311062719	111.249
0031-CEL1380_72383_437	Ap09	311126740	311126340	115.266
0133-CEL3817_233409_145	Ap09	311307531	311307875	115.814
2151-CEL31403_13077_263	Ap09	311456854	311456654	116.437
4589-CEL6097_702081_319	Ap09	311408823	311409223	116.941
1370-CEL11113_61281_788	Ap09	311425973	311425573	117.220
0095-CEL22567_17846_445	Ap10	254461118	254461495	83.449
0623-CEL22567_17846_197	Ap10	254460874	254461270	83.284
0707-CEL26664_10973_311	Ap10	254298760	254298364	80.962
3030-CEL34918_60920_86	Ap10	253617989	253618190	80.95
0022-CEL12757_80143_996	Ap10	253580936	253580807	80.614
2160-CEL3332_195316_202	Ap10	253473650	253473247	80.301
2540-CEL11336_18672_880	Ap10	253402600	253402202	80.02
1201-CEL8407_107926_1049	Ap10	252663666	252663381	78.232
4477-CEL47594_59307_117	Ap10	253344558	253344361	77.978
2732-CEL1818_344852_628	Ap10	252920739	252921103	77.83
1887-CEL1979_57955_2134	Ap10	252595076	252594695	77.734
6002-CEL44238_1351_95	Ap10	252492050	252492248	76.814
3029-CEL3490_42578_76	Ap10	252588351	252588620	75.813
4631-CEL6595_24843_625	Ap10	252545996	252546228	74.555
2498-CEL10045_45882_150	Ap10	252436649	252436424	71.693
2339-CEL11392_41553_411	Ap10	252423539	252423805	71.449
1151-CEL761_61551_768	Ap10	252398022	252398422	71.159
2384-CEL13566_72762_891	Ap10	252082554	252082868	70.941
0030-CEL13566_72762_754	Ap10	252082497	252082817	70.793
3310-CEL8434_36199_708	Ap10	252046602	252047002	70.219
2743-CEL18716_133827_538	Ap10	251997084	251996850	69.38
0947-CEL4333_154046_1730	Ap10	251982394	251982130	68.802
5421-CEL24269_41025_312	Ap10	251462884	251463284	68.66
0875-CEL37388_9242_163	Ap10	251476001	251475697	67.752
5842-CEL36077_7458_247	Ap10	251475414	251475149	67.349
6144-CEL5575_375984_27	Ap10	251478107	251478263	67.284
0088-CEL2137_163550_108	Ap10	251363493	251363770	65.542
4672-CEL7061_36012_364	Ap10	251096831	251097084	62.899
0874-CEL3696_180733_1936	Ap10	250934792	250934528	62.662
2877-CEL2583_252237_628	Ap10	250846254	250846542	62.231
0542-CEL19642_17656_188	Ap10	250855725	250856112	60.352
0850-CEL34739_30688_290	Ap10	248682383	248682129	59.977
1312-CEL10477_49417_317	Ap10	248653310	248652910	54.916
1822-CEL1842_57014_333	Ap10	248472797	248472398	53.557
1187-CEL8173_42297_135	Ap10	246874637	246874971	53.428
0556-CEL2013_100205_378	Ap10	246935927	246936327	52.954
1130-CEL7313_158025_1113	Ap10	246743546	246743306	52.429
1031-CEL5437_45355_1614	Ap10	246697135	246696827	51.825
1678-CEL15686_105720_27	Ap10	246677732	246677506	51.518
1709-CEL16362_30013_115	Ap10	246736357	246736533	50.343
1179-CEL8046_55307_810	Ap10	246601809	246602207	49.995
2040-CEL22925_40761_221	Ap10	246702523	246702925	49.69
1397-CEL11412_46273_280	Ap10	246208690	246208952	47.849
2340-CEL11412_46273_921	Ap10	246209665	246210065	47.825
1713-CEL1643_143685_118	Ap10	246066177	246065860	47.735
1098-CEL6618_134698_288	Ap10	245949221	245948821	46.774
3679-CEL16216_10800_763	Ap10	245521628	245521430	45.817
0610-CEL2207_55359_1777	Ap10	245508412	245508812	45.531
3911-CEL2223_94431_832	Ap10	243386465	243386638	42.486
3450-CEL11305_22092_175	Ap10	243397032	243397395	42.201
3736-CEL17426_89457_234	Ap10	243242614	243242352	41.915
3854-CEL20271_97058_87	Ap10	243207043	243206757	41.674
2574-CEL1236_242642_217	Ap10	243170554	243170155	41.404
1278-CEL1014_72367_154	Ap10	244631832	244631476	40.244
2523-CEL1064_56812_116	Ap10	242302363	242302678	39.752
0729-CEL27692_24772_150	Ap10	242151612	242151895	39.616
3738-CEL17516_157475_413	Ap10	242778170	242778570	39.32
4652-CEL68_375842_5240	Ap10	241670173	241669773	38.751
4658-CEL69_180994_1347	Ap10	241641630	241641230	38.535
2073-CEL23762_32597_429	Ap10	319372466	319372821	37.589
1355-CEL1097_83003_423	Ap10	242965035	242965288	37.324
4713-CEL7745_138565_264	Ap10	240970486	240970086	35.915
3006-CEL33680_33340_93	Ap10	240885725	240885996	35.606
5065-CEL14463_182111_121	Ap10	241298638	241298450	35.14
2919-CEL2822_59762_441	Ap10	240648549	240648178	34.763
3285-CEL7391_136302_525	Ap10	240430542	240430323	33.944
5462-CEL2529_54555_1912	Ap10	240297552	240297952	33.722
5111-CEL15650_108686_130	Ap10	240181955	240181629	33.005
4546-CEL5431_191515_169	Ap10	238047749	238047852	32.655
4969-CEL12264_39875_462	Ap10	239920938	239921338	32.13
4566-CEL5782_192787_385	Ap10	237897674	237898074	31.989
2062-CEL2340_70360_2084	Ap10	239638275	239638675	31.89
1938-CEL20644_399770_577	Ap10	238303338	238303701	31.673
4281-CEL35451_190437_40	Ap10	236341582	236341821	31.107
1877-CEL19495_44918_121	Ap10	237674656	237674804	30.95
3668-CEL1609_47479_332	Ap10	235938302	235938068	30.669
2712-CEL1744_1310616_2506	Ap10	235662319	235662044	30.63
0914-CEL40623_49104_217	Ap10	235349348	235349517	30.517
2070-CEL23673_51536_57	Ap10	238473809	238474033	30.406
2926-CEL28638_91370_181	Ap10	234887609	234887989	30.356
0765-CEL2947_148736_800	Ap10	232892789	232892389	30.2
4871-CEL10288_36132_873	Ap10	237360725	237361012	29.757
5952-CEL4108_145573_1422	Ap10	234755176	234754776	29.452
2147-CEL3075_107416_1752	Ap10	237284048	237283648	29.223
1408-CEL116_181346_2118	Ap10	234630849	234630569	29.163
4963-CEL12126_370948_155	Ap10	231279849	231279494	28.688
1399-CEL11424_32659_566	Ap10	223674732	223674569	28.397
0618-CEL2245_163251_2013	Ap10	222137146	222137352	28.06
4314-CEL37063_9473_233	Ap10	217958803	217958528	26.645
2171-CEL356_177018_2377	Ap10	215263111	215263449	25.965
2955-CEL30795_32750_207	Ap10	214715055	214714736	24.906
0058-CEL17407_35206_415	Ap10	205780599	205780386	24.531
6106-CEL5177_91243_791	Ap10	196551757	196551846	24.125
0237-CEL1107_74335_1030	Ap10	200191449	200191078	23.701
5745-CEL33148_7605_240	Ap10	233505310	233505007	23.556
2782-CEL20645_80930_147	Ap10	197877170	197876824	23.371
0900-CEL39628_9887_103	Ap10	202266922	202267168	23.073
0298-CEL12456_27478_139	Ap10	198038345	198038125	22.765
0471-CEL1706_61435_2139	Ap10	196039555	196039955	22.188
4186-CEL3157_73151_227	Ap10	197537208	197536808	22.018
0637-CEL23095_77509_229	Ap10	197468520	197468920	21.939
3772-CEL18441_13182_272	Ap10	196650564	196650964	21.937
0998-CEL4781_47368_1348	Ap10	194287376	194286976	21.491
0846-CEL3415_50816_337	Ap10	195690885	195691285	21.392
0464-CEL1681_79039_379	Ap10	193551285	193551060	21.219
0481-CEL17407_35206_300	Ap10	205780714	205780386	20.989
2773-CEL20205_8867_336	Ap10	194956743	194956343	20.676
0332-CEL1323_94709_661	Ap10	189376060	189376349	20.111
0128-CEL35739_8137_78	Ap10	188531764	188531523	19.32
2607-CEL13471_8504_862	Ap10	180371063	180370714	18.922
0482-CEL17510_36021_487	Ap10	185368312	185368586	18.746
2785-CEL2078_358806_1843	Ap10	178890610	178891010	18.307
1940-CEL20661_23878_253	Ap10	182396420	182396820	18.221
1421-CEL11724_51315_611	Ap10	182262814	182262414	18.039
4847-CEL9827_163250_250	Ap10	179800532	179800252	17.618
1516-CEL131_277353_196	Ap10	173710855	173711250	17.4
#2543-CEL11563_53017_354	Ap10	106837314	106837632	17.287
5786-CEL3416_98228_396	Ap10	173336517	173336117	17.26
6312-CEL8040_52862_87	Ap10	173245691	173245977	17.134
5093-CEL15185_8296_81	Ap10	174233655	174233375	17.011
1404-CEL11486_27442_311	Ap10	174420342	174420742	16.752
2103-CEL24423_20193_278	Ap10	176249603	176249203	16.523
1583-CEL14096_60591_905	Ap10	172682207	172682057	16.349
3470-CEL11610_14124_266	Ap10	175046933	175046533	16.282
5816-CEL35402_24907_126	Ap10	172704532	172704773	15.932
1357-CEL10985_95144_122	Ap10	172306614	172306445	15.229
1313-CEL10495_71292_412	Ap10	172210162	172210371	15.076
5238-CEL1874_32822_1062	Ap10	172377801	172377538	14.894
5091-CEL15164_13144_505	Ap10	171852924	171853324	14.619
2109-CEL2450_149835_1950	Ap10	171739839	171740064	14.397
1292-CEL1024_171667_1489	Ap10	170285324	170284924	14.156
1932-CEL2048_55348_2269	Ap10	168177747	168177362	13.903
1394-CEL11399_75215_886	Ap10	170128829	170128429	13.105
0239-CEL1112_93054_888	Ap10	168127498	168127098	12.991
0769-CEL29720_34322_356	Ap10	169628465	169628183	12.649
1345-CEL10905_48381_95	Ap10	166630220	166630014	12.567
1976-CEL21479_128619_46	Ap10	165462741	165462986	11.217
2010-CEL22267_38920_555	Ap10	164410738	164410549	10.446
1619-CEL14735_45094_77	Ap10	161902091	161901815	10.361
2016-CEL22419_61482_40	Ap10	162895937	162895698	10.177
1954-CEL20918_31309_275	Ap10	161199223	161198974	9.55799999999999
1093-CEL650_116673_476	Ap10	158966534	158966134	8.502
0292-CEL12314_45925_674	Ap10	157535953	157535553	7.997
0299-CEL12459_62592_658	Ap10	157501283	157500983	7.758
1424-CEL11771_28950_472	Ap10	152368007	152368217	7.521
6096-CEL5053_104048_1208	Ap10	151280743	151280616	7.149
4011-CEL25603_48370_231	Ap10	145880256	145880656	7.143
0604-CEL21787_38107_491	Ap10	151498829	151499179	7.04299999999999
1267-CEL9877_58528_835	Ap10	135289471	135289871	5.83
4943-CEL11664_36459_109	Ap10	143702296	143702038	5.53699999999999
1838-CEL18708_21089_273	Ap10	144668283	144668462	5.361
1440-CEL1197_49365_1628	Ap10	144023968	144023568	5.10299999999999
0185-CEL91_298778_2653	Ap10	143823219	143823619	5.001
0124-CEL3162_72514_465	Ap10	121984584	121984984	4.749
2393-CEL13856_46745_575	Ap10	104657886	104658226	4.742
1344-CEL10903_79694_1107	Ap10	140588802	140588982	4.64699999999999
0178-CEL8683_64896_787	Ap10	35765360	35764960	4.089
1067-CEL608_110903_3288	Ap10	100623095	100622760	3.883
2305-CEL936_161374_2862	Ap10	133220203	133220589	3.068
1908-CEL20075_6009_86	Ap10	79997624	79997339	2.761
0118-CEL27517_16622_338	Ap10	134246238	134246587	2.52799999999999
1510-CEL12999_18921_593	Ap10	132468925	132468525	2.5
0800-CEL31058_10334_305	Ap10	3440297	3439991	2.011
0330-CEL132_168306_3147	Ap10	85088435	85088653	1.371
0388-CEL14788_38295_779	Ap10	4056744	4056602	0
1373-CEL11160_25003_116	Ap11	225755822	225755507	83.331
6399-CEL9407_35728_707	Ap11	225759554	225759318	83.327
0348-CEL1356_60871_829	Ap11	225890516	225890116	81.899
0338-CEL13380_26053_112	Ap11	225917917	225918228	81.41
0973-CEL4568_181750_263	Ap11	225752881	225752498	80.73
1132-CEL7348_48238_611	Ap11	225707465	225707101	80.446
0303-CEL12537_33692_831	Ap11	225572181	225571781	79.593
1346-CEL10908_54721_708	Ap11	224528232	224527858	76.655
1206-CEL8464_52653_996	Ap11	224495486	224495086	75.182
2644-CEL14763_10851_425	Ap11	224432336	224431936	74.144
0613-CEL22297_19042_502	Ap11	224320372	224320702	71.46
5806-CEL351_211823_899	Ap11	224373672	224373272	71.137
2689-CEL16293_107442_679	Ap11	224283235	224282879	70.856
0665-CEL24518_16375_384	Ap11	224240753	224240368	69.993
0852-CEL3520_121568_1543	Ap11	224163760	224164160	68.338
1334-CEL10763_57825_1074	Ap11	224041779	224042094	65.737
1695-CEL1612_110334_1725	Ap11	223884793	223885193	63.57
1926-CEL20326_15825_566	Ap11	223687998	223687665	63.319
1543-CEL13574_27641_206	Ap11	223575125	223575525	62.723
0636-CEL23042_45445_461	Ap11	223545190	223545560	62.201
3628-CEL15224_82627_579	Ap11	223542113	223541952	61.908
3060-CEL37218_61710_177	Ap11	223518236	223517927	61.615
0305-CEL12562_48251_245	Ap11	223495684	223495290	59.782
3792-CEL18973_11168_464	Ap11	222485984	222486384	58.017
2573-CEL12334_158661_472	Ap11	221694387	221694628	56.273
1531-CEL13389_11852_607	Ap11	222758952	222759342	55.959
3046-CEL36144_40981_188	Ap11	221678006	221677685	55.671
3191-CEL4933_35064_1419	Ap11	221675014	221675191	55.365
1536-CEL13446_8817_221	Ap11	222526297	222526703	54.802
0244-CEL11284_47431_623	Ap11	221621501	221621101	53.224
1588-CEL14188_91100_189	Ap11	221676720	221677108	52.094
3992-CEL24751_48694_461	Ap11	218925646	218925897	42.155
3574-CEL14002_35546_465	Ap11	218930207	218930607	42.126
3832-CEL19889_63259_739	Ap11	218921967	218921709	41.816
3600-CEL1449_45206_1523	Ap11	218896620	218896220	41.525
2102-CEL24401_37446_41	Ap11	217355819	217355585	39.647
0035-CEL14749_49595_110	Ap11	217358923	217358614	38.184
2524-CEL10656_25298_1111	Ap11	217830246	217829959	37.939
3475-CEL11658_11916_709	Ap11	217137431	217137575	36.839
0717-CEL2733_135303_1270	Ap11	216949543	216949143	36.54
6334-CEL8379_38399_195	Ap11	215785285	215784884	35.477
2161-CEL33494_15662_222	Ap11	216660982	216660727	35.172
5169-CEL17140_82816_234	Ap11	215142445	215142770	34.63
4139-CEL29566_36270_71	Ap11	216656297	216656568	34.61
3126-CEL42186_36315_152	Ap11	216654417	216654174	34.517
2756-CEL1944_207376_232	Ap11	215018487	215018287	34.377
3156-CEL46125_27990_172	Ap11	214572222	214572088	33.847
3288-CEL7533_189078_262	Ap11	216442513	216442120	33.674
1868-CEL1929_46948_1618	Ap11	214212946	214213346	33.369
1409-CEL11602_36081_977	Ap11	214978334	214978529	32.958
1033-CEL5458_76851_1200	Ap11	215515115	215514715	32.109
1634-CEL150_128978_595	Ap11	213554117	213553717	31.844
1229-CEL9039_66192_1054	Ap11	215225177	215224777	31.719
1752-CEL17007_16510_336	Ap11	217815778	217816024	31.626
2876-CEL2570_67410_569	Ap11	214288986	214289306	31.426
5086-CEL15035_10691_748	Ap11	209666178	209665799	31.349
0122-CEL29196_31345_180	Ap11	213716608	213716229	30.147
1248-CEL946_65537_1219	Ap11	213240072	213239780	29.636
1813-CEL18202_63675_34	Ap11	204420966	204420894	29.22
0455-CEL16652_22615_548	Ap11	209527840	209528097	28.962
2702-CEL17017_11626_194	Ap11	201556749	201556356	28.758
1209-CEL860_149489_446	Ap11	209365062	209365462	28.696
0381-CEL14553_16714_483	Ap11	207746973	207746573	27.98
5142-CEL16320_10577_640	Ap11	187079497	187079897	27.471
5943-CEL4054_113578_1425	Ap11	184729920	184730162	27.237
4869-CEL10271_30660_291	Ap11	177608224	177608379	27.1
0990-CEL4726_88692_671	Ap11	201877257	201877126	27.008
1473-CEL1245_146087_2563	Ap11	159505116	159505445	26.993
4908-CEL11123_217254_337	Ap11	179130809	179130638	26.854
0842-CEL338_139102_554	Ap11	197436045	197436445	26.819
1286-CEL1019_140396_103	Ap11	60067399	60067675	26.748
1045-CEL574_107289_2450	Ap11	195160010	195160309	26.55
1290-CEL10221_35452_436	Ap11	33289518	33289740	26.486
1084-CEL6369_115435_203	Ap11	193943304	193943429	26.349
5750-CEL33335_12630_282	Ap11	175635803	175636005	26.272
0538-CEL195_139442_780	Ap11	193868057	193867803	26.078
2063-CEL2341_207926_2110	Ap11	14875837	14876230	25.985
2191-CEL40119_33155_30	Ap11	193400174	193399945	25.962
0306-CEL12563_34984_332	Ap11	191206521	191206121	25.816
5674-CEL30672_4213_240	Ap11	14431757	14432137	25.734
0329-CEL13146_39648_780	Ap11	188112995	188112709	25.527
5281-CEL1978_154842_1922	Ap11	14391238	14391638	25.477
0041-CEL155_109860_1334	Ap11	174960870	174961270	25.003
0660-CEL2432_63287_351	Ap11	155474780	155475180	24.706
1923-CEL2026_90996_765	Ap11	12572831	12573231	24.688
3730-CEL17295_28902_234	Ap11	86769869	86770269	24.501
1436-CEL11927_87122_1001	Ap11	12805266	12804957	23.378
3392-CEL10286_23901_356	Ap11	11430714	11431015	22.795
5878-CEL37684_7048_240	Ap11	10313881	10314140	22.027
5627-CEL29410_13442_145	Ap11	10314687	10314343	21.877
4111-CEL28702_80389_336	Ap11	10893448	10893771	21.654
1384-CEL1128_110335_858	Ap11	10013917	10013553	21.598
1996-CEL22073_16185_152	Ap11	8917789	8918139	20.773
1152-CEL7618_34647_333	Ap11	8671468	8671089	19.871
2717-CEL17555_16409_627	Ap11	8676537	8676759	19.186
3294-CEL7782_76489_202	Ap11	8499511	8499905	18.958
2598-CEL13244_32255_113	Ap11	8408171	8407859	18.657
3904-CEL2203_150355_494	Ap11	8032789	8033042	17.742
2104-CEL24430_18485_131	Ap11	8402131	8401801	17.03
4842-CEL974_60548_142	Ap11	7548555	7548707	16.691
3701-CEL16775_66355_588	Ap11	7426524	7426124	16.514
0699-CEL26198_5070_329	Ap11	6871035	6871426	15.777
2531-CEL11037_94879_520	Ap11	6817062	6817435	15.472
5514-CEL26436_34746_252	Ap11	7429266	7429403	14.011
6004-CEL4458_49185_245	Ap11	7422728	7422440	13.943
5709-CEL3196_119117_95	Ap11	6986844	6987139	13.655
2472-CEL18645_37885_59	Ap11	6459168	6458914	11.75
1641-CEL15167_77367_296	Ap11	5964446	5964059	10.37
5677-CEL3073_356108_234	Ap11	6481016	6481412	10.07
4246-CEL3403_73523_163	Ap11	4851936	4851573	9.099
0444-CEL16383_35448_350	Ap11	3750494	3750094	6.405
2560-CEL11862_101918_181	Ap11	3564924	3564545	5.241
2912-CEL27741_9860_413	Ap11	3501113	3501382	4.682
3868-CEL20667_30680_426	Ap11	3537848	3538248	4.56100000000001
1289-CEL10217_89258_70	Ap11	3431932	3432201	3.782
5109-CEL1554_176893_2220	Ap11	3778866	3778466	1.79900000000001
4849-CEL9851_77684_209	Ap11	2864157	2863780	0.793999999999997
1811-CEL18196_25400_247	Ap11	3706400	3706800	0.594999999999999
0779-CEL30017_27241_381	Ap11	3273327	3273203	0.274000000000001
3444-CEL11177_35097_226	Ap11	2928862	2928726	0
